CustomerID,Age,Gender,Region,Annual_Income,Membership_Type,Membership_Years,Device_Preference,Avg_Session_Length_Min,App_Usage_Hours_Week,Website_Usage_Hours_Week,Num_Purchases_Last_Year,Customer_Satisfaction,Days_Since_Last_Purchase,Email_Engagement_Rate,Annual_Spending
1,31,Female,East,53218.35,Silver,6.98,Mobile App,32.22,1.09,1.4,14,9.37,16.8,0.249,5839.51
2,31,Male,East,53053.23,Gold,0.94,Mobile App,26.27,2.96,4.24,14,6.31,22.8,0.249,5717.21
3,31,Female,West,,Gold,5.98,Website,42.09,3.23,0.86,18,10.0,22.9,0.542,7631.73
4,30,Female,East,93316.07,Platinum,0.15,Mobile App,24.24,4.77,1.22,10,9.05,26.3,0.356,7589.57
5,24,Male,North,61626.75,Gold,4.18,Both,29.61,1.22,4.23,10,7.14,5.1,0.227,6750.69
6,21,Female,North,108143.24,Basic,0.13,Mobile App,33.46,1.62,4.19,8,7.22,26.9,0.315,6110.65
7,36,Female,East,74162.81,Silver,3.13,Mobile App,20.13,9.02,8.41,17,7.87,35.6,0.269,7277.36
8,31,Female,South,49902.19,Basic,1.48,Mobile App,27.34,5.53,1.76,15,8.38,9.8,0.277,5673.07
9,50,Male,North,72406.33,Basic,7.79,Mobile App,25.6,2.61,1.42,17,9.02,13.1,0.414,6883.46
10,41,Male,South,98427.85,Platinum,1.79,Mobile App,23.38,6.12,1.55,20,5.86,46.7,0.063,8364.72
11,41,Male,East,109032.48,Gold,7.71,Website,24.04,1.22,0.34,15,8.17,33.5,0.295,7834.85
12,30,Female,West,82076.91,Platinum,2.28,Mobile App,38.01,2.39,0.15,8,4.85,102.8,0.256,6805.34
13,37,Female,East,54665.39,Silver,0.22,Website,22.61,3.21,2.32,10,7.37,37.1,0.445,4853.93
14,42,Female,South,50219.43,Silver,0.83,Both,33.1,2.19,1.33,16,9.49,0.4,0.329,6221.04
15,46,Male,North,66278.73,Silver,1.91,Website,30.83,2.25,0.92,18,5.76,4.1,0.203,5644.44
16,37,Male,East,97332.78,Basic,9.15,Website,15.43,4.61,2.0,16,5.52,34.0,0.305,6752.0
17,50,Female,South,63058.57,Basic,0.89,Mobile App,32.67,5.58,2.36,12,7.89,2.2,0.453,5961.07
18,38,Male,East,63518.48,Silver,6.41,Mobile App,15.28,2.01,1.66,16,9.4,3.3,0.405,6290.55
19,47,Female,East,55159.77,Basic,3.6,Mobile App,33.65,0.89,1.69,10,,10.2,0.168,5443.08
20,33,Female,North,48302.48,Platinum,5.54,Both,23.44,0.72,1.32,17,5.12,28.3,0.165,7225.56
21,18,Female,North,51187.62,Basic,2.26,Website,28.08,0.39,3.2,12,5.41,32.4,0.194,4682.7
22,41,Male,North,56806.11,Basic,0.84,Mobile App,16.35,8.07,1.14,11,7.73,10.9,0.172,5432.65
23,46,Female,West,98847.64,Gold,1.09,Website,29.1,4.63,0.74,15,6.07,10.7,0.375,7000.64
24,44,Female,East,49816.43,Basic,2.41,Both,36.34,3.96,1.27,17,7.78,0.6,0.321,6177.75
25,43,Female,North,,Platinum,5.17,Website,20.74,1.81,2.23,9,7.85,38.7,0.191,6782.0
26,34,Male,West,40019.33,Gold,3.03,Website,22.54,1.81,3.35,14,6.96,2.8,0.431,5652.06
27,29,Male,South,69620.95,Basic,7.86,Both,32.09,5.7,6.67,10,9.96,22.5,0.628,7200.7
28,44,Male,South,87407.62,Gold,0.1,Website,32.32,0.64,2.01,17,8.37,9.7,0.253,7039.38
29,43,Male,West,95661.79,Silver,0.29,Website,6.09,2.08,5.52,11,9.18,46.9,0.075,5968.63
30,32,Female,North,58173.06,Gold,2.12,Mobile App,46.14,6.25,1.06,14,8.8,5.8,0.187,7028.92
31,50,Female,North,66238.95,Gold,0.92,Mobile App,32.76,2.08,0.89,17,7.4,41.7,0.497,6468.88
32,28,Female,East,51341.64,Gold,4.27,Both,34.27,4.47,2.64,14,7.35,8.1,0.035,6963.67
33,32,Male,North,65173.39,Silver,1.73,Website,26.71,2.69,2.94,18,7.21,45.9,0.124,5365.15
34,56,Male,East,60469.1,Basic,5.94,Mobile App,11.3,0.14,2.17,20,8.49,14.0,0.384,6368.21
35,48,Male,North,55292.5,Gold,4.47,Website,34.07,2.61,10.9,11,6.75,10.2,0.475,7494.79
36,34,Male,North,56852.4,Platinum,8.12,Mobile App,22.91,3.0,1.11,18,,0.4,0.243,8390.97
37,41,Male,North,63460.49,Silver,0.4,Both,32.9,2.46,4.79,19,6.63,7.9,0.41,6618.81
38,40,Male,South,48876.24,Gold,1.55,Mobile App,26.03,1.04,0.91,13,7.88,2.7,0.323,6047.97
39,18,Male,North,49767.93,Silver,0.52,Both,30.14,2.48,3.12,14,7.3,27.5,0.25,5615.97
40,28,Female,North,98476.84,Gold,3.83,Website,21.03,0.42,1.94,11,7.01,24.6,0.46,7549.39
41,37,Male,West,139901.15,Platinum,0.65,Mobile App,35.78,2.06,2.3,18,10.0,14.7,0.122,9113.69
42,34,Female,South,35542.04,Basic,2.28,Mobile App,17.3,4.71,2.66,14,7.03,6.3,0.278,4742.85
43,41,Female,South,34863.13,Basic,4.17,Both,48.21,7.78,2.0,12,7.2,5.3,0.517,5938.23
44,50,Male,North,38754.28,Silver,2.51,Mobile App,48.14,6.96,1.69,16,6.74,107.1,0.391,6533.68
45,34,Female,South,52252.82,Silver,3.31,Mobile App,42.69,1.19,0.25,12,7.65,42.4,0.461,5647.67
46,26,Female,North,74126.12,Silver,0.17,Both,39.48,0.76,3.75,8,7.47,32.3,0.275,5948.69
47,42,Male,East,66631.89,Basic,2.07,Mobile App,27.24,3.21,0.53,15,6.14,8.8,0.679,6245.48
48,34,Male,North,,Silver,1.27,Mobile App,38.5,2.86,1.34,18,7.05,7.8,0.542,6629.08
49,36,Female,West,65194.31,Silver,1.27,Mobile App,27.13,4.24,2.43,13,8.39,11.2,0.649,6698.66
50,35,Male,West,42521.7,Silver,3.1,Both,14.02,1.69,0.64,19,8.94,69.0,0.513,6200.92
51,63,Male,North,49739.62,Gold,4.33,Mobile App,41.53,2.92,1.69,15,7.63,20.1,0.112,6881.28
52,18,Male,North,53796.67,Gold,1.02,Mobile App,38.16,2.81,3.44,18,7.68,9.4,0.438,6723.99
53,34,Female,North,31117.46,Silver,4.09,Mobile App,27.72,2.12,1.32,16,7.13,1.4,0.182,5606.87
54,38,Female,East,36081.71,Gold,4.46,Mobile App,16.97,0.59,1.71,9,6.95,40.3,0.171,5283.15
55,29,Female,North,36587.13,Silver,0.42,Mobile App,22.72,4.67,0.78,15,6.4,28.8,0.366,5960.97
56,48,Female,West,70787.51,Silver,9.93,Mobile App,11.61,3.23,1.46,16,5.58,25.7,0.259,6464.09
57,47,Male,East,59034.32,Silver,5.23,Mobile App,36.51,4.89,0.54,7,6.69,11.8,0.165,5954.99
58,37,Female,West,67095.44,Basic,7.81,Mobile App,13.57,5.7,2.21,17,8.78,12.6,0.066,6040.65
59,35,Male,East,28456.18,Basic,1.91,Both,30.58,2.63,0.41,13,7.05,15.3,0.214,4765.43
60,37,Male,West,32233.18,Silver,0.93,Mobile App,20.41,4.69,1.07,22,7.15,45.2,0.448,5611.37
61,37,Female,North,68331.45,Platinum,0.15,Mobile App,15.16,7.9,1.95,12,7.12,0.6,0.036,7486.82
62,37,Male,South,20485.36,Gold,5.45,Both,30.15,9.58,1.59,15,9.22,4.3,0.105,6725.19
63,36,Female,South,83168.19,Basic,11.53,Both,25.0,3.52,2.54,20,6.39,50.1,0.224,7462.63
64,41,Female,West,28619.37,Silver,2.77,Website,35.54,3.71,1.72,8,7.96,9.4,0.378,5456.16
65,46,Female,East,72778.13,Basic,1.9,Mobile App,16.59,3.47,0.25,19,7.51,7.0,0.307,6074.5
66,24,Female,West,39695.59,Gold,3.31,Mobile App,21.18,4.14,0.63,15,7.69,16.7,0.151,5744.13
67,26,Female,North,78207.15,Gold,0.29,Mobile App,6.51,5.53,1.88,11,7.92,1.8,0.126,6167.01
68,19,Male,West,166517.61,Silver,0.77,Mobile App,8.34,3.42,4.13,13,7.67,15.9,0.234,7718.41
69,48,Male,South,24450.06,Silver,2.55,Mobile App,44.18,9.22,3.61,12,8.63,19.7,0.454,6118.08
70,41,Male,South,69104.97,Basic,2.14,Website,46.75,8.39,10.7,6,7.56,17.8,0.337,6179.37
71,44,Male,West,28771.57,Silver,8.72,Mobile App,28.83,2.99,1.19,13,9.87,7.1,0.461,6130.06
72,22,Male,South,62904.26,Gold,2.3,Website,20.59,2.98,3.35,15,7.66,20.9,0.544,6801.79
73,58,Female,South,50394.12,Gold,1.23,Mobile App,25.31,2.0,3.18,10,5.39,43.4,0.569,5540.44
74,31,Male,East,56694.01,Silver,1.48,Mobile App,35.86,4.3,5.66,13,8.43,66.2,0.247,5838.79
75,40,Male,North,39375.92,Silver,3.02,Both,23.37,2.27,4.62,9,8.11,0.1,0.282,5292.61
76,47,Male,South,71195.82,Basic,0.44,Both,30.14,1.92,2.34,17,7.64,24.4,0.374,5877.51
77,27,Male,North,32632.85,Basic,1.16,Mobile App,27.89,4.23,2.96,15,7.26,41.2,0.2,5260.76
78,32,Female,North,83664.75,Basic,1.0,Website,22.88,1.13,2.54,10,4.85,2.1,0.513,5349.71
79,40,Female,West,46946.43,Silver,8.15,Mobile App,23.26,5.6,1.82,14,5.07,30.9,0.521,6294.3
80,69,Female,East,33158.63,Platinum,1.2,Mobile App,30.64,4.35,2.8,16,9.74,53.5,0.496,7769.15
81,41,Female,South,94677.14,Silver,0.95,Both,19.21,8.11,2.15,9,6.84,6.8,0.274,6394.0
82,56,Male,South,52914.36,Basic,0.53,Mobile App,32.07,3.56,2.08,9,8.86,32.6,0.611,5575.42
83,51,Female,South,105627.35,Basic,1.82,Mobile App,23.76,4.82,5.85,12,5.52,85.8,0.322,6333.09
84,42,Male,East,83072.97,Basic,0.11,Website,29.15,5.25,2.38,15,6.24,9.3,0.069,5383.8
85,27,Male,West,40972.2,Gold,3.08,Mobile App,40.46,6.6,2.01,14,8.48,1.9,0.451,6690.09
86,50,Male,West,52588.54,Silver,3.45,Mobile App,26.49,3.28,1.63,17,,16.6,0.487,6380.16
87,22,Female,South,56520.76,Gold,0.36,Mobile App,36.28,1.98,1.52,17,8.3,39.7,0.109,6498.65
88,56,Male,South,92429.93,Gold,0.1,Both,11.87,3.62,0.61,16,7.58,2.6,0.104,7151.71
89,40,Male,South,63141.35,Basic,1.24,Website,23.77,5.59,1.82,12,7.33,38.2,0.179,5636.2
90,18,Female,East,57624.46,Silver,10.54,Mobile App,28.25,6.09,4.28,18,6.72,81.1,0.315,7058.13
91,34,Male,South,50515.84,Platinum,6.3,Mobile App,45.31,0.6,1.16,19,6.05,108.1,0.229,7221.06
92,45,Female,East,53226.15,Silver,4.24,Website,10.36,14.86,0.13,8,9.42,55.7,0.21,6031.69
93,35,Male,East,85528.7,Basic,5.33,Mobile App,27.13,1.93,2.72,15,9.64,44.4,0.298,6550.57
94,46,Male,South,54246.67,Platinum,6.35,Website,41.11,4.88,2.22,13,6.25,4.5,0.104,7339.76
95,29,Male,South,47181.21,Platinum,1.23,Both,20.93,7.09,5.78,12,6.16,28.3,0.13,6962.46
96,24,Female,South,44463.44,Silver,1.94,Mobile App,26.08,2.79,1.05,16,7.15,5.3,0.052,5396.01
97,37,Male,North,44630.92,Silver,3.83,Mobile App,30.99,6.25,0.54,8,8.04,24.7,0.386,5505.47
98,38,Male,North,33165.53,Basic,0.93,Mobile App,29.66,0.59,1.56,16,7.36,7.9,0.184,5147.9
99,34,Male,East,41663.0,Gold,7.59,Mobile App,42.09,6.41,1.36,13,8.25,5.6,0.511,6803.42
100,52,Female,South,91532.29,Silver,3.0,Mobile App,32.04,5.89,0.33,13,7.54,90.4,0.481,6741.2
101,29,Female,North,50397.17,Basic,2.67,Both,39.95,3.94,2.02,11,7.45,22.2,0.409,6027.82
102,41,Female,East,69323.84,Gold,1.35,Mobile App,24.76,5.6,1.26,11,10.0,20.2,0.393,7109.55
103,39,Male,East,22752.61,Platinum,0.3,Website,21.34,8.54,5.04,14,6.92,26.4,0.154,6386.18
104,21,Female,North,66099.0,Gold,3.51,Website,25.97,7.24,2.05,17,9.73,36.1,0.374,7817.72
105,23,Female,West,51201.63,Basic,3.97,Mobile App,17.57,2.92,0.93,11,9.48,7.3,0.373,5319.89
106,38,Female,West,45775.12,Basic,7.11,Mobile App,32.35,3.59,1.85,16,8.26,31.2,0.195,5452.86
107,60,Male,East,57718.67,Platinum,2.72,Mobile App,24.53,2.56,2.18,18,5.1,48.8,0.186,7372.21
108,44,Male,East,45545.23,Platinum,3.33,Website,21.95,2.31,2.92,13,7.64,6.4,0.657,6832.72
109,19,Male,North,,Silver,3.85,Mobile App,32.49,5.23,1.92,10,6.93,32.0,0.394,5087.93
110,18,Female,West,74815.98,Silver,2.78,Both,17.71,2.54,7.4,20,7.63,14.7,0.18,6809.25
111,46,Male,South,58986.04,Silver,1.34,Both,34.93,5.22,0.59,10,6.22,18.1,0.248,5515.75
112,37,Male,West,48538.87,Silver,2.55,Both,23.69,2.79,1.24,13,8.58,9.3,0.099,5717.35
113,51,Male,East,38631.96,Basic,0.65,Both,38.43,3.1,0.93,14,8.88,10.5,0.076,4958.78
114,28,Female,North,32388.21,Basic,0.61,Both,24.47,1.53,1.41,13,9.12,6.4,0.294,5206.23
115,42,Male,North,58592.53,Basic,9.02,Both,33.69,5.13,2.4,16,7.1,4.6,0.092,6167.28
116,47,Female,East,95292.3,Gold,0.68,Both,29.62,0.56,2.27,12,6.22,30.2,0.206,7099.15
117,33,Female,East,58169.02,Basic,1.94,Both,34.7,6.57,2.87,12,8.06,16.9,0.199,5759.54
118,33,Female,North,33390.72,Basic,1.93,Both,28.99,11.56,2.04,12,9.88,1.4,0.223,6323.59
119,38,Male,East,58617.63,Silver,2.47,Both,13.03,3.18,2.14,11,7.69,11.1,0.075,5271.18
120,44,Female,West,53174.27,Basic,11.57,Website,37.08,3.08,2.07,9,8.19,23.0,0.207,6510.22
121,38,Female,South,73307.29,Basic,0.91,Website,27.21,0.77,1.3,12,7.29,10.1,0.502,5152.23
122,49,Female,South,66993.88,Silver,0.12,Website,35.11,2.03,1.22,16,6.95,72.1,,5254.3
123,33,Male,North,19052.66,Silver,1.38,Both,34.21,5.65,0.91,18,8.46,41.1,0.246,5618.43
124,23,Male,West,65567.46,Silver,1.42,Mobile App,21.04,6.19,2.98,17,7.46,55.7,0.249,6364.8
125,60,Male,South,38130.97,Platinum,0.45,Both,19.77,3.48,0.17,15,8.12,34.6,0.046,6775.95
126,31,Female,West,32938.42,Basic,0.1,Both,33.9,5.42,2.1,12,8.26,17.3,0.26,5364.18
127,32,Male,South,50717.91,Platinum,1.04,Both,25.27,1.55,3.4,9,8.05,25.0,0.215,6816.98
128,37,Male,East,62557.4,Platinum,2.77,Mobile App,36.43,4.07,4.07,12,8.33,26.4,0.146,7391.02
129,39,Male,North,30507.96,Gold,0.1,Both,26.4,7.69,0.1,19,6.49,12.8,0.22,6410.36
130,34,Female,North,69327.83,Silver,1.58,Both,37.21,4.63,1.34,9,6.41,9.4,0.387,6192.14
131,38,Male,East,70768.45,Silver,1.86,Both,31.81,8.45,0.97,19,7.54,6.5,0.349,6837.57
132,38,Female,South,55074.48,Silver,6.76,Both,30.59,8.62,1.24,8,7.58,45.7,0.088,6113.36
133,40,Female,East,39987.88,Gold,7.2,Website,24.63,4.25,4.69,18,6.92,11.3,0.254,6762.51
134,18,Male,West,38453.99,Basic,4.61,Website,30.09,0.05,0.97,10,7.91,9.8,0.398,5076.46
135,59,Female,West,77580.88,Platinum,1.51,Mobile App,38.74,6.1,3.4,23,8.78,25.9,0.611,9122.98
136,36,Male,West,31922.68,Silver,0.88,Both,27.51,1.04,2.13,13,9.14,3.7,0.196,5054.06
137,44,Female,North,78634.41,Gold,1.23,Mobile App,32.78,0.17,1.19,12,9.44,10.6,0.328,6767.85
138,23,Female,East,51132.74,Silver,1.8,Both,28.42,0.47,1.09,17,5.89,24.0,0.085,5837.07
139,33,Female,West,52389.31,Basic,3.89,Both,29.12,6.39,2.3,19,6.09,49.7,0.335,5866.57
140,31,Male,South,29797.19,Silver,2.79,Mobile App,43.51,4.28,1.77,19,7.22,0.2,0.438,6327.05
141,54,Female,North,51464.58,Silver,0.1,Mobile App,38.82,3.55,0.3,12,7.7,35.7,0.434,5628.12
142,32,Female,West,67154.75,Silver,2.55,Mobile App,28.71,4.56,0.77,16,7.29,7.7,0.411,6540.74
143,46,Female,South,33936.84,Basic,5.12,Both,29.93,0.51,2.35,16,6.88,49.9,0.257,5273.72
144,31,Female,East,64506.58,Basic,7.81,Website,21.68,2.55,0.56,14,7.2,6.2,0.251,6144.74
145,33,Male,West,55890.76,Silver,0.22,Mobile App,26.44,1.78,3.75,15,8.23,27.5,0.303,5972.22
146,35,Male,East,43247.1,Silver,16.99,Both,30.78,3.35,0.4,14,5.87,29.3,0.433,6986.35
147,52,Male,South,73067.25,Platinum,2.47,Mobile App,35.66,3.44,1.49,6,10.0,28.4,0.349,7456.33
148,18,Female,South,25064.56,Basic,0.23,Both,34.74,4.43,3.05,18,7.63,26.6,0.597,5756.88
149,24,Male,South,61165.48,Basic,4.14,Mobile App,18.02,4.9,0.71,18,8.97,35.7,0.477,5911.68
150,18,Male,North,95492.43,Basic,6.37,Mobile App,36.79,0.54,0.52,14,6.85,39.2,0.367,5938.87
151,26,Female,West,89677.94,Silver,1.15,Mobile App,27.2,2.58,2.65,19,8.35,29.5,0.474,6466.01
152,29,Female,West,62095.72,Silver,0.83,Website,19.12,3.03,3.47,12,7.73,19.8,0.108,4901.95
153,20,Male,South,48747.62,Silver,1.36,Website,40.03,1.01,1.58,18,8.71,11.5,0.442,5945.5
154,30,Female,South,43367.65,Platinum,3.05,Both,41.17,0.91,1.3,15,,14.1,0.312,7760.43
155,18,Male,West,48726.39,Basic,1.11,Website,30.37,0.47,0.38,9,9.62,1.5,0.533,4367.55
156,27,Female,North,65534.54,Gold,0.36,Mobile App,34.38,0.79,1.98,10,5.66,9.7,0.244,5771.93
157,51,Male,East,40841.94,Basic,1.52,Mobile App,34.91,5.4,0.25,18,8.83,22.1,0.216,5737.5
158,42,Female,South,70622.1,Basic,1.02,Mobile App,40.56,0.64,4.74,13,7.75,25.9,0.523,6369.21
159,40,Female,East,114302.78,Silver,2.57,Both,34.55,0.76,1.65,19,6.28,43.8,0.108,6928.06
160,27,Female,North,53015.57,Basic,5.37,Mobile App,16.05,3.25,0.78,15,10.0,2.9,0.215,6070.32
161,21,Male,East,33842.13,Silver,1.67,Both,46.09,4.06,1.08,15,10.0,52.1,0.452,5929.08
162,25,Female,South,33837.99,Gold,7.38,Mobile App,37.59,2.96,2.1,16,4.9,12.7,0.259,6939.99
163,38,Male,East,71096.82,Gold,3.4,Mobile App,23.41,1.2,1.25,8,7.83,9.6,0.289,6334.73
164,48,Male,North,53055.24,Silver,2.08,Mobile App,18.73,0.93,1.83,14,8.52,21.8,0.585,6097.65
165,48,Female,South,73636.11,Silver,3.87,Mobile App,32.54,3.19,0.68,17,8.17,75.8,0.334,6569.76
166,45,Male,East,44946.49,Silver,5.44,Both,25.5,2.72,4.13,18,9.57,11.8,0.318,6522.01
167,30,Female,North,72454.8,Basic,3.28,Website,30.97,2.22,1.1,17,9.3,25.3,0.222,6353.38
168,38,Female,North,51256.38,Basic,0.32,Mobile App,34.69,5.24,0.16,14,7.94,60.3,,4922.79
169,34,Male,North,41924.41,Gold,0.1,Website,22.9,2.59,1.34,16,10.0,1.0,0.025,5367.7
170,36,Female,South,47082.21,Platinum,5.13,Website,17.96,0.85,0.95,18,8.82,15.0,0.423,7308.36
171,60,Male,North,35633.13,Basic,0.36,Both,31.47,2.23,3.93,15,7.14,13.0,0.144,5402.77
172,19,Female,West,108692.26,Silver,2.49,Both,23.2,4.38,0.79,11,6.88,30.6,0.058,6292.11
173,35,Male,South,52379.28,Gold,0.32,Website,29.31,2.47,1.23,13,9.22,49.8,0.234,5827.5
174,51,Female,West,67885.65,Gold,7.82,Both,15.91,4.33,2.15,16,6.57,22.9,0.411,7104.24
175,22,Male,West,44895.63,Silver,1.25,Both,25.73,4.94,2.88,11,7.07,91.0,0.229,5371.78
176,31,Male,North,37489.84,Silver,3.19,Website,34.43,2.59,4.96,18,7.29,67.5,0.229,5809.19
177,32,Male,East,49918.24,Gold,0.92,Both,33.45,2.95,0.85,20,8.06,24.1,0.657,6982.53
178,36,Female,West,79651.6,Gold,2.38,Mobile App,20.9,2.35,4.58,14,7.35,16.5,0.125,6779.57
179,20,Female,East,45149.92,Basic,0.1,Both,17.49,4.4,3.83,21,5.89,7.6,0.076,4887.91
180,45,Female,South,39947.2,Platinum,0.96,Both,28.14,2.29,0.94,13,9.11,0.5,0.354,6722.87
181,45,Female,South,57205.91,Basic,4.34,Mobile App,33.05,4.1,0.84,15,7.07,20.8,0.102,5642.29
182,44,Female,North,64515.31,Gold,1.53,Both,31.65,3.48,2.52,18,10.0,47.0,0.056,7244.88
183,28,Female,East,96278.17,Basic,2.01,Both,23.39,0.47,1.8,15,8.0,4.0,0.399,6559.52
184,39,Male,West,61317.02,Basic,4.28,Mobile App,30.68,4.26,2.51,10,9.25,15.2,0.243,5751.76
185,28,Female,West,67873.26,Basic,0.93,Website,41.52,3.25,1.38,13,8.42,1.7,0.425,5995.49
186,34,Female,North,69685.42,Silver,0.19,Both,29.85,6.74,1.95,14,9.31,45.7,0.197,6821.28
187,62,Male,East,36186.62,Basic,1.52,Both,13.3,1.05,1.66,15,8.34,34.5,0.083,4789.0
188,39,Male,South,38670.56,Basic,3.3,Mobile App,29.83,3.52,2.48,11,7.91,1.9,0.114,5068.14
189,25,Female,West,37072.71,Silver,2.71,Mobile App,46.4,2.04,0.81,13,9.02,0.1,0.486,5875.05
190,40,Male,North,33987.53,Silver,5.26,Website,16.41,0.53,2.07,22,10.0,5.7,0.313,6069.87
191,23,Female,West,71568.55,Gold,9.42,Mobile App,28.27,0.37,4.89,13,7.25,55.1,0.333,7174.15
192,25,Male,West,59965.07,Platinum,5.91,Mobile App,25.96,7.65,4.69,23,8.63,72.2,0.251,8964.13
193,27,Male,North,55704.91,Gold,0.74,Mobile App,28.86,3.53,2.26,22,7.59,10.2,0.124,6959.41
194,33,Female,North,21862.96,Basic,4.68,Mobile App,29.75,2.53,0.79,10,8.26,30.2,0.282,5064.91
195,48,Male,West,111236.84,Basic,3.35,Website,38.26,0.71,6.58,18,7.65,34.4,0.687,7282.56
196,44,Male,North,39616.65,Platinum,2.19,Website,28.76,7.35,2.49,12,4.79,18.7,0.161,6472.78
197,44,Female,East,111094.28,Basic,0.95,Website,39.5,1.63,6.13,9,7.34,8.1,0.575,6774.44
198,26,Female,West,32622.76,Silver,4.42,Both,26.94,3.65,2.56,11,8.9,4.7,0.413,6087.77
199,32,Male,East,40768.28,Platinum,1.47,Mobile App,24.85,3.16,0.08,12,6.61,19.2,0.551,7203.74
200,41,Male,South,25059.36,Platinum,0.1,Mobile App,21.98,9.65,6.55,10,8.8,16.1,0.642,6561.9
201,31,Female,South,61497.0,Silver,3.86,Mobile App,11.65,2.9,3.44,16,7.84,4.1,0.149,6564.28
202,35,Female,North,36848.13,Gold,1.04,Mobile App,30.48,1.94,1.89,16,7.35,53.6,0.084,5890.55
203,43,Female,West,37214.36,Silver,5.94,Mobile App,46.49,3.57,0.28,16,8.78,1.1,0.417,6758.5
204,34,Male,South,33510.7,Gold,6.29,Mobile App,32.12,3.85,3.72,18,8.49,0.7,0.39,6465.92
205,40,Male,North,71116.47,Basic,0.43,Mobile App,34.18,14.04,2.55,19,8.15,3.1,0.115,6855.03
206,56,Male,South,69495.15,Basic,5.19,Mobile App,24.28,2.86,7.86,11,8.92,37.3,0.475,6577.41
207,36,Male,West,102151.46,Silver,1.38,Website,25.8,1.02,5.72,14,7.86,3.6,0.366,6376.88
208,51,Female,North,42616.75,Basic,1.05,Website,36.86,2.22,6.01,18,5.46,2.1,0.299,4770.5
209,44,Male,West,58488.58,Gold,1.93,Both,46.08,3.56,2.21,10,7.11,0.3,0.092,6492.37
210,22,Female,East,34500.62,Silver,0.87,Both,41.39,4.04,2.13,12,5.25,0.2,0.531,5478.26
211,26,Female,West,48181.79,Platinum,1.02,Website,35.25,0.64,2.57,12,8.45,13.9,0.677,7464.97
212,29,Female,West,45179.74,Gold,2.63,Mobile App,28.32,2.01,1.03,8,8.77,7.6,0.277,5816.01
213,29,Male,West,63739.36,Silver,1.78,Website,29.89,9.29,1.93,15,8.82,52.8,0.306,6265.27
214,37,Female,West,77339.31,Gold,6.37,Mobile App,21.22,1.37,1.63,12,8.24,7.4,0.236,7149.42
215,45,Female,North,76639.92,Basic,3.23,Mobile App,14.97,5.32,4.48,17,8.86,14.5,0.394,7011.8
216,52,Female,West,40336.65,Silver,4.9,Mobile App,17.86,2.28,5.15,16,5.55,54.5,0.037,5228.56
217,41,Male,East,76838.71,Basic,1.37,Mobile App,28.45,2.99,3.12,19,7.46,18.4,0.249,6455.88
218,33,Male,East,53346.85,Gold,4.33,Mobile App,25.37,0.73,0.88,17,5.76,27.6,0.447,6255.5
219,18,Female,West,48358.2,Gold,4.45,Website,14.78,2.45,6.84,11,7.13,72.3,0.182,5676.61
220,39,Male,West,42277.95,Platinum,6.15,Both,27.66,3.53,3.71,16,9.7,23.7,0.518,8279.71
221,38,Male,East,44534.63,Platinum,1.16,Both,25.13,2.89,2.43,13,9.02,6.7,0.643,7692.52
222,40,Female,South,99688.92,Platinum,0.23,Website,17.44,2.57,2.9,17,8.46,3.3,0.504,8300.14
223,61,Female,South,60330.54,Basic,2.3,Website,24.67,4.41,0.47,14,7.36,1.3,0.276,5261.08
224,52,Female,South,57590.57,Platinum,0.1,Mobile App,25.11,0.93,1.63,16,6.31,2.5,0.401,6653.07
225,47,Male,South,49425.1,Silver,8.08,Both,22.45,3.65,4.76,14,7.84,27.1,0.193,6284.05
226,27,Female,South,127528.16,Silver,0.22,Website,36.34,0.33,0.45,12,9.04,13.8,0.765,7473.6
227,32,Male,North,85541.22,Silver,2.17,Mobile App,10.87,6.34,0.43,17,8.13,3.1,0.098,6680.5
228,37,Female,North,42092.64,Basic,5.21,Mobile App,10.13,2.64,3.72,17,5.54,8.7,0.672,5835.76
229,29,Female,East,49228.83,Basic,1.33,Both,28.03,5.08,2.75,19,7.74,15.3,0.498,6080.81
230,44,Male,South,50262.49,Basic,4.58,Website,28.87,0.1,0.45,14,5.11,12.2,0.128,4799.53
231,42,Male,West,57014.17,Basic,3.56,Website,31.64,4.61,1.51,20,8.65,18.1,0.449,6005.13
232,26,Male,East,42385.89,Silver,0.47,Website,23.15,1.58,2.43,15,6.7,1.9,0.309,5245.55
233,51,Female,North,63170.06,Platinum,3.67,Mobile App,19.74,3.0,2.21,11,6.01,79.6,0.237,7329.28
234,39,Female,North,90059.95,Silver,1.74,Website,27.93,4.66,2.58,18,8.66,43.7,0.231,6792.73
235,19,Female,North,34208.53,Silver,1.27,Mobile App,24.03,2.8,1.41,12,8.33,24.5,0.24,5243.7
236,37,Female,West,36502.96,Silver,3.45,Mobile App,41.96,4.28,2.3,9,7.9,36.8,0.317,5146.8
237,41,Male,North,45747.6,Silver,6.69,Website,25.08,2.3,3.12,11,10.0,99.8,0.619,6124.45
238,49,Female,South,46496.0,Basic,6.23,Mobile App,27.52,6.67,2.94,10,8.43,12.8,0.049,5626.41
239,34,Male,West,109039.24,Gold,4.56,Both,50.28,2.63,1.45,10,6.76,1.5,0.103,7903.01
240,47,Male,West,76925.93,Basic,3.19,Mobile App,26.25,2.67,3.34,22,8.27,14.4,0.08,6434.77
241,40,Female,North,75396.25,Gold,3.42,Website,33.01,2.71,0.79,11,7.23,16.6,0.501,7093.16
242,24,Female,North,49388.46,Gold,3.69,Website,33.82,2.94,1.08,8,9.25,35.2,0.314,6003.47
243,22,Male,North,49010.52,Silver,2.21,Website,34.58,0.97,3.72,8,7.97,1.1,0.129,4551.89
244,50,Female,North,32594.64,Gold,3.4,Website,30.61,1.33,3.28,17,8.09,61.5,0.259,6076.97
245,51,Female,North,71225.71,Basic,0.42,Both,29.74,5.6,1.56,16,5.72,31.0,0.365,6151.1
246,42,Female,East,64335.65,Platinum,5.47,Website,28.9,5.08,1.06,19,7.68,36.8,0.125,7978.17
247,54,Female,West,84973.87,Gold,0.89,Both,22.82,4.87,1.19,18,7.53,19.4,0.307,7414.37
248,50,Male,East,50322.6,Gold,1.59,Both,30.93,4.02,3.02,13,6.27,4.9,0.349,6316.15
249,46,Male,East,51553.6,Gold,9.73,Mobile App,46.26,1.97,2.6,8,7.31,10.2,0.03,6612.98
250,28,Male,North,57498.6,Gold,2.91,Mobile App,38.9,1.81,1.0,14,8.17,3.4,0.423,6510.76
251,57,Female,West,74025.44,Platinum,0.61,Mobile App,30.74,2.85,3.27,10,7.59,29.7,0.543,7204.53
252,44,Female,East,32384.15,Silver,0.1,Mobile App,35.7,6.18,1.51,10,5.76,19.9,0.388,5182.32
253,34,Male,West,70095.9,Gold,0.39,Mobile App,20.18,3.39,0.81,11,7.24,23.7,0.195,5821.1
254,31,Male,West,53789.12,Gold,0.56,Mobile App,25.66,1.27,1.3,16,6.99,17.9,0.28,6271.83
255,41,Male,South,37401.91,Silver,2.15,Website,36.53,0.79,2.05,18,7.85,62.9,0.159,4658.38
256,20,Female,North,26118.21,Platinum,2.31,Mobile App,41.38,5.19,3.18,11,7.71,27.3,0.372,7071.92
257,46,Female,North,51649.42,Silver,1.52,Both,21.06,7.48,3.03,19,7.06,76.9,0.504,7041.68
258,28,Male,South,89922.15,Silver,1.72,Mobile App,23.65,0.61,1.76,17,7.01,0.7,0.175,6164.19
259,42,Male,West,,Basic,8.82,Both,47.63,5.31,2.25,14,7.69,25.8,0.314,7547.36
260,32,Female,South,61351.92,Basic,3.45,Mobile App,28.87,3.95,1.63,8,8.85,0.0,0.266,5634.07
261,35,Male,East,107656.62,Gold,2.11,Website,44.41,1.54,1.0,15,7.96,8.1,0.369,7720.84
262,30,Female,East,53368.21,Silver,1.02,Mobile App,29.86,3.42,1.81,12,9.45,32.6,0.434,5816.22
263,36,Male,North,75633.63,Silver,0.56,Website,30.22,1.09,0.28,8,9.07,71.2,0.278,5188.82
264,59,Male,South,46261.68,Basic,0.54,Mobile App,25.25,2.48,5.22,11,9.55,38.6,0.126,5240.51
265,53,Female,East,45246.94,Silver,3.29,Both,36.48,2.97,2.2,16,9.38,127.0,0.184,5514.42
266,42,Male,East,42739.2,Gold,0.27,Mobile App,40.22,6.63,2.68,15,9.63,33.7,0.283,6889.28
267,38,Male,South,26339.23,Platinum,2.99,Website,18.68,2.39,1.04,15,6.1,55.1,0.396,6051.92
268,47,Male,North,85006.44,Basic,6.09,Mobile App,24.83,1.68,2.19,10,,31.0,0.578,6566.61
269,50,Male,East,43279.25,Silver,1.32,Website,36.24,3.74,2.48,23,9.18,99.6,0.659,6296.54
270,29,Male,North,40925.0,Silver,20.0,Website,26.83,4.36,1.57,13,9.42,63.3,0.094,7330.21
271,37,Male,West,35846.81,Silver,1.3,Mobile App,23.56,1.63,1.64,11,6.6,28.9,0.49,5049.59
272,18,Male,North,50436.69,Silver,1.58,Mobile App,37.09,1.23,0.55,17,8.45,27.1,0.283,5760.02
273,50,Male,North,100430.61,Silver,14.64,Mobile App,37.93,1.32,6.41,13,7.7,9.1,0.727,8650.56
274,61,Female,South,112738.09,Silver,1.5,Mobile App,23.95,6.65,1.03,12,10.0,17.3,0.24,7303.57
275,39,Female,South,30293.75,Silver,1.75,Both,29.91,4.23,1.15,14,5.8,9.6,0.409,5944.02
276,18,Male,South,47855.59,Silver,4.69,Mobile App,17.12,2.27,5.45,19,6.6,6.7,0.414,5682.23
277,45,Male,South,37721.1,Silver,5.53,Mobile App,19.94,5.93,2.78,15,5.25,24.8,0.291,5928.73
278,28,Female,West,76566.75,Gold,4.05,Both,29.12,1.62,3.2,12,7.79,4.5,0.442,7254.28
279,31,Female,South,59892.57,Gold,2.53,Mobile App,28.28,2.77,0.52,12,10.0,37.9,0.044,6610.24
280,45,Female,South,43356.02,Basic,0.69,Mobile App,19.3,1.08,2.17,19,7.54,40.4,0.169,5146.57
281,41,Male,South,55570.1,Gold,0.39,Both,21.56,5.76,0.52,18,7.73,19.2,0.23,6481.51
282,33,Male,North,45839.59,Gold,0.1,Both,18.41,1.51,0.89,15,8.32,1.7,0.193,6206.07
283,31,Male,East,95319.16,Basic,2.9,Both,32.1,1.54,7.05,10,7.45,54.9,0.14,6180.41
284,39,Male,North,65606.88,Silver,4.85,Website,10.29,3.8,0.75,9,8.08,0.8,0.12,5800.99
285,33,Female,East,68489.67,Basic,2.76,Both,18.9,0.29,3.09,11,8.11,21.2,0.485,6062.99
286,26,Male,North,21302.48,Gold,0.3,Mobile App,11.23,0.87,0.82,15,6.5,3.9,0.341,5127.16
287,34,Male,West,52924.62,Basic,0.74,Both,31.77,4.76,0.91,11,7.48,1.8,0.055,4990.99
288,42,Male,South,112321.87,Gold,1.38,Both,11.78,1.31,10.02,13,8.56,18.4,0.287,7424.26
289,36,Female,West,86175.84,Basic,0.37,Both,28.29,11.67,1.76,16,8.81,2.7,0.198,7001.46
290,22,Male,South,28382.23,Silver,1.67,Mobile App,42.76,3.29,0.48,20,9.29,61.9,0.341,5458.19
291,49,Female,North,48547.64,Platinum,3.76,Mobile App,43.06,0.56,3.19,10,8.04,76.1,0.724,7537.06
292,18,Male,West,35577.48,Silver,6.64,Website,11.75,7.72,4.53,16,8.06,49.2,0.125,5419.87
293,33,Female,East,98605.82,Platinum,7.56,Website,30.69,3.29,3.41,17,,30.0,0.167,8970.11
294,31,Male,West,59012.08,Platinum,7.22,Website,19.1,2.53,1.64,9,6.83,3.4,0.173,6770.31
295,40,Female,South,41409.75,Platinum,0.32,Both,17.26,3.28,1.69,18,6.77,77.3,0.184,6291.45
296,44,Female,East,54827.94,Basic,9.12,Website,26.98,0.56,1.21,10,7.44,6.3,0.071,5134.07
297,50,Female,West,21751.15,Gold,3.49,Mobile App,39.05,2.84,0.66,13,5.94,8.3,0.324,5673.01
298,30,Female,East,37058.89,Basic,10.96,Mobile App,33.4,1.39,2.44,17,8.13,23.2,0.171,5949.79
299,44,Female,South,54871.83,Silver,0.31,Mobile App,21.56,2.71,1.58,17,8.96,14.4,0.258,5912.49
300,40,Female,East,72837.51,Platinum,0.51,Mobile App,34.35,2.02,0.53,18,6.68,39.0,0.183,7486.47
301,19,Female,East,27461.49,Gold,13.73,Mobile App,7.81,3.16,1.8,13,8.17,33.7,0.717,6992.7
302,59,Male,West,47410.34,Silver,3.37,Both,21.22,2.27,1.03,15,6.78,30.4,0.346,5878.02
303,22,Female,South,77140.99,Silver,4.49,Both,20.58,1.91,2.35,12,6.28,76.5,0.343,6083.2
304,43,Female,South,32597.51,Gold,5.43,Website,28.7,1.26,2.17,14,10.0,43.9,0.424,5762.01
305,42,Female,West,58701.11,Gold,0.4,Mobile App,26.17,0.58,1.4,11,6.3,6.9,0.319,5567.82
306,41,Male,South,55441.91,Silver,0.91,Website,26.73,0.46,1.87,9,5.94,55.1,0.756,5219.6
307,33,Male,East,,Platinum,0.1,Both,26.43,0.9,2.0,22,7.88,40.0,0.343,8465.73
308,47,Female,South,49983.71,Basic,13.61,Both,28.2,4.51,3.72,12,7.95,2.2,0.175,6862.58
309,21,Male,North,51018.31,Basic,1.75,Website,32.86,1.2,1.81,14,8.47,65.0,0.219,4601.08
310,37,Male,East,73074.59,Silver,0.15,Both,29.34,1.67,1.24,15,10.0,18.9,0.527,6418.27
311,32,Male,North,34056.56,Platinum,0.1,Website,25.44,1.68,1.52,5,6.59,26.8,0.136,5453.87
312,31,Male,North,50145.84,Basic,0.89,Website,31.62,2.04,6.08,10,6.85,3.6,0.03,4821.63
313,43,Male,East,46188.97,Basic,0.79,Both,35.44,3.99,0.84,13,9.69,88.8,0.168,5263.45
314,50,Male,East,51605.36,Basic,7.23,Mobile App,23.0,2.25,1.6,19,8.82,10.4,0.517,6633.95
315,34,Male,West,72907.17,Gold,0.25,Mobile App,27.47,5.1,1.58,14,8.64,19.5,0.404,6829.79
316,47,Male,North,65772.46,Basic,3.22,Mobile App,38.46,0.91,1.64,18,6.83,23.2,0.415,6558.55
317,39,Male,North,41687.69,Silver,1.44,Website,18.08,4.74,0.64,12,9.06,22.1,0.086,5585.71
318,28,Female,West,56831.43,Platinum,0.23,Website,44.24,7.14,1.51,10,8.64,7.4,0.076,6848.72
319,35,Male,North,91277.04,Basic,0.83,Website,15.95,2.81,1.19,9,7.85,1.5,0.136,5424.21
320,35,Female,North,40498.57,Silver,6.8,Mobile App,24.89,1.12,2.34,18,6.84,30.9,0.375,6344.51
321,30,Female,South,57000.1,Silver,0.68,Mobile App,19.45,4.05,4.11,15,7.74,3.3,0.374,6046.82
322,43,Female,East,50634.77,Gold,1.99,Both,47.69,2.85,2.48,13,9.74,11.8,0.056,6630.98
323,41,Male,West,52994.76,Silver,7.01,Mobile App,23.47,3.56,2.06,16,6.18,41.8,0.34,6225.9
324,21,Female,East,30615.75,Silver,1.82,Both,23.49,5.2,2.66,12,6.56,17.9,,4977.16
325,20,Female,East,88766.71,Basic,15.18,Mobile App,24.66,2.12,2.21,9,6.78,6.2,0.7,7281.66
326,43,Female,North,41314.83,Gold,3.52,Website,28.86,1.86,1.86,23,7.07,7.6,0.232,6271.3
327,29,Female,South,77584.67,Gold,1.91,Website,25.04,13.14,3.62,16,7.58,19.3,0.104,7388.69
328,41,Female,South,43587.17,Basic,5.27,Both,26.8,4.08,1.48,12,8.85,29.9,0.211,5262.49
329,47,Female,North,43524.24,Silver,2.02,Mobile App,5.0,5.82,0.63,12,8.2,11.8,0.275,5570.83
330,24,Male,North,82833.94,Platinum,2.01,Both,28.51,5.0,1.15,11,7.68,108.7,0.691,8028.59
331,22,Female,South,76715.54,Basic,2.62,Website,28.16,5.87,1.02,15,7.96,24.6,0.111,5770.19
332,56,Male,North,58281.1,Basic,1.33,Website,37.35,3.65,7.22,17,8.41,33.1,0.56,6234.09
333,42,Female,East,70714.27,Silver,2.29,Website,39.78,5.4,4.28,15,5.41,39.1,0.248,6199.32
334,33,Female,East,48972.12,Basic,4.59,Mobile App,26.31,1.68,2.08,9,8.99,33.9,0.348,5650.08
335,28,Male,North,54017.93,Basic,4.32,Website,35.35,0.57,1.05,16,6.53,5.3,0.265,5329.84
336,32,Female,South,42977.48,Silver,0.12,Mobile App,18.09,1.34,3.59,18,7.02,29.0,0.912,5852.14
337,25,Male,West,74341.36,Basic,1.79,Mobile App,34.91,2.54,2.01,22,8.04,61.6,0.275,6080.17
338,48,Female,East,,Silver,0.78,Website,22.85,2.3,1.48,8,7.5,49.6,0.067,4812.74
339,29,Male,West,91108.35,Gold,0.84,Website,17.34,2.86,2.03,21,8.23,2.0,0.332,7208.42
340,50,Female,South,48506.74,Silver,1.85,Mobile App,26.33,1.6,1.51,14,7.78,6.2,0.257,5399.68
341,34,Male,West,54566.64,Basic,3.96,Mobile App,40.6,0.34,2.64,14,7.22,0.8,0.194,5547.62
342,27,Female,North,70654.34,Gold,0.88,Mobile App,29.63,2.07,0.57,10,9.59,48.0,0.18,6278.61
343,33,Female,South,54630.77,Basic,0.81,Mobile App,41.47,0.8,2.63,12,8.52,8.6,0.373,5786.05
344,18,Female,North,48812.03,Gold,5.23,Website,21.26,2.77,1.51,16,7.99,14.2,0.589,6692.28
345,37,Female,South,53610.05,Silver,0.81,Mobile App,37.43,3.77,3.65,13,8.5,54.6,0.137,5341.76
346,36,Female,South,74075.23,Gold,1.25,Both,22.13,2.04,4.35,16,6.68,13.5,0.157,6734.6
347,47,Female,North,42959.01,Basic,1.03,Mobile App,30.03,1.06,5.01,15,10.0,17.3,0.403,6241.28
348,18,Male,East,51834.8,Basic,0.57,Mobile App,29.95,2.97,7.59,11,6.19,8.4,0.441,5561.9
349,51,Female,South,54371.77,Silver,4.85,Both,33.95,13.61,4.89,24,7.75,41.4,0.509,7658.66
350,47,Male,North,73321.18,Basic,13.96,Mobile App,30.26,4.08,3.57,20,7.23,40.7,0.146,7389.06
351,52,Female,North,52315.82,Basic,0.36,Mobile App,21.35,4.3,0.66,20,7.18,23.1,0.378,5811.66
352,37,Male,South,102018.01,Gold,1.26,Both,35.92,1.88,0.13,14,7.01,3.1,0.35,7252.99
353,49,Female,South,51287.97,Gold,1.18,Both,43.58,1.43,3.92,22,,7.4,0.27,7038.19
354,22,Female,South,49851.84,Basic,0.62,Both,22.75,5.87,0.89,17,9.14,3.4,0.523,5779.01
355,46,Male,North,51028.46,Platinum,2.32,Mobile App,11.48,0.21,11.21,13,6.03,49.3,0.308,6800.15
356,30,Female,East,34172.47,Gold,7.23,Website,32.49,1.55,0.42,10,8.88,27.6,0.104,6090.04
357,20,Female,West,37689.83,Gold,0.17,Both,25.02,8.2,3.46,15,8.44,29.9,0.594,6324.85
358,26,Female,South,44993.2,Gold,6.37,Both,26.82,2.64,2.2,11,7.1,105.4,0.087,5616.04
359,38,Female,East,80623.1,Gold,1.27,Mobile App,33.01,0.65,0.48,18,8.29,26.3,0.276,6748.08
360,29,Female,West,53551.86,Silver,7.17,Mobile App,23.89,3.85,2.19,14,7.39,0.9,0.518,6650.77
361,42,Female,West,45723.81,Gold,1.48,Mobile App,25.58,2.05,0.99,4,6.17,20.4,0.233,5210.56
362,18,Male,East,83223.68,Platinum,0.92,Mobile App,27.1,0.5,1.77,12,6.18,24.1,0.123,7220.85
363,18,Male,West,93238.13,Basic,0.11,Website,41.23,3.35,1.79,16,,41.5,0.223,5856.73
364,53,Male,West,84068.22,Basic,0.1,Mobile App,28.27,3.0,1.01,10,8.38,32.4,0.499,5584.91
365,48,Female,West,40191.81,Basic,4.14,Mobile App,16.88,2.88,1.4,13,7.91,6.6,0.134,5008.61
366,26,Male,South,45554.42,Platinum,7.5,Mobile App,17.24,4.04,0.92,14,7.09,11.8,0.4,7314.81
367,38,Female,North,102212.33,Silver,1.96,Website,29.25,0.99,0.29,15,7.35,2.9,0.418,6824.14
368,49,Female,North,58947.29,Gold,2.84,Mobile App,17.84,3.6,2.05,13,7.18,2.5,0.22,6095.4
369,43,Male,South,49332.11,Gold,0.1,Mobile App,13.94,3.16,4.87,10,5.33,18.8,0.257,5539.62
370,40,Female,South,69662.8,Platinum,5.15,Mobile App,33.72,5.79,0.97,12,7.68,13.3,0.554,7997.49
371,50,Female,South,77076.57,Basic,2.13,Both,34.16,1.54,6.62,13,8.28,4.4,0.594,6430.76
372,30,Male,East,44355.53,Gold,8.63,Mobile App,24.69,6.48,7.56,17,7.69,10.8,0.345,7755.85
373,38,Male,East,,Platinum,3.1,Website,30.64,4.94,1.3,14,9.9,19.7,0.478,7287.94
374,38,Male,West,74928.98,Basic,1.96,Mobile App,29.69,2.57,1.58,15,6.29,8.7,0.249,5823.31
375,35,Male,North,36094.63,Gold,0.1,Mobile App,33.42,2.88,1.32,12,6.74,26.8,0.018,5492.1
376,34,Male,North,54410.96,Silver,6.23,Mobile App,33.44,0.23,0.67,14,7.77,58.1,0.141,5654.21
377,39,Female,West,36679.15,Silver,3.34,Mobile App,5.0,2.82,1.58,19,7.92,92.5,0.027,4998.61
378,38,Male,West,38397.47,Silver,3.21,Mobile App,25.84,4.71,1.44,20,5.13,2.6,0.259,6054.05
379,26,Male,West,44485.34,Basic,7.05,Website,32.66,2.27,2.02,11,8.38,68.0,0.029,5467.25
380,47,Female,West,64022.63,Basic,0.62,Website,24.31,5.78,2.11,13,7.92,7.1,0.09,5672.37
381,27,Female,West,48401.79,Basic,5.56,Mobile App,28.33,3.9,0.62,13,4.84,55.8,0.224,5564.75
382,36,Female,South,43176.59,Basic,0.3,Mobile App,34.76,9.84,2.97,9,7.45,47.9,0.67,5378.78
383,35,Female,South,55162.8,Silver,0.19,Website,28.73,1.63,1.57,17,6.55,55.9,0.415,4983.45
384,42,Male,North,36263.36,Silver,7.5,Mobile App,41.57,4.41,0.74,10,7.01,84.7,0.265,5744.15
385,18,Male,East,62949.06,Basic,8.6,Mobile App,38.14,0.83,1.54,12,5.86,26.2,0.4,6084.22
386,48,Female,West,80497.82,Gold,0.47,Mobile App,26.93,2.44,2.18,15,8.14,3.5,0.217,6436.04
387,31,Female,South,52695.14,Gold,0.95,Mobile App,26.22,4.06,5.52,17,9.89,1.0,0.499,6802.84
388,51,Female,East,50466.89,Silver,1.37,Website,5.0,4.59,4.91,16,7.94,33.8,0.05,5238.0
389,33,Male,South,61741.04,Platinum,6.28,Both,25.06,2.14,1.21,12,4.79,18.4,0.319,7319.42
390,37,Female,North,26636.45,Silver,5.75,Both,15.82,6.2,1.66,7,7.97,2.1,0.391,5630.26
391,59,Female,North,65374.41,Gold,1.2,Both,29.99,7.1,0.9,14,7.35,8.4,0.227,6883.37
392,35,Male,North,160437.55,Basic,4.74,Mobile App,29.38,1.65,2.45,10,6.17,64.0,0.265,7434.94
393,52,Female,West,,Gold,0.12,Mobile App,34.26,2.5,1.27,17,8.06,1.0,0.342,6311.43
394,38,Female,South,51963.99,Platinum,0.86,Mobile App,40.57,2.3,1.61,13,8.74,48.9,0.062,6834.17
395,43,Male,West,70281.4,Gold,2.32,Mobile App,27.76,1.88,4.02,18,6.73,14.3,0.655,6911.56
396,39,Male,East,96361.93,Silver,2.06,Mobile App,48.52,6.81,0.61,12,5.46,20.2,0.101,6637.29
397,47,Female,North,76209.3,Silver,1.75,Mobile App,30.09,6.76,4.92,26,4.98,15.7,0.509,7343.18
398,30,Male,North,25477.16,Silver,0.48,Website,16.21,2.36,2.64,10,6.73,36.0,0.382,4585.21
399,27,Male,West,65985.45,Gold,5.26,Mobile App,22.94,4.39,4.76,9,7.4,48.0,0.067,6327.93
400,31,Male,North,133275.75,Gold,0.76,Mobile App,24.65,5.74,3.32,21,6.93,3.6,0.097,8329.26
401,39,Male,West,67363.21,Platinum,5.07,Both,33.33,3.39,3.76,18,6.71,16.2,0.117,8514.99
402,36,Female,North,36166.53,Silver,4.35,Mobile App,19.47,2.22,1.95,8,8.34,42.5,0.167,5214.96
403,46,Female,East,59792.79,Basic,1.6,Both,25.32,1.55,0.72,13,8.2,22.0,0.179,5327.42
404,52,Male,West,34605.21,Silver,2.29,Mobile App,26.55,4.68,1.13,16,7.86,28.0,0.597,5786.98
405,27,Female,North,83406.48,Basic,1.96,Website,23.97,0.89,0.95,12,8.66,21.9,0.177,5285.56
406,30,Female,North,38771.51,Basic,15.23,Mobile App,35.3,2.27,0.21,18,6.75,13.6,0.146,6481.25
407,22,Male,West,55602.6,Basic,1.81,Website,33.77,1.97,4.01,11,6.18,22.7,0.11,4816.53
408,60,Female,North,40125.89,Gold,7.45,Mobile App,38.5,0.84,1.77,14,6.92,9.0,0.511,6518.6
409,41,Male,South,44745.37,Basic,5.0,Mobile App,25.02,2.65,0.88,16,6.83,37.6,0.08,4797.52
410,43,Female,South,91140.06,Basic,3.53,Website,38.82,2.45,7.37,18,4.93,40.3,0.532,6534.69
411,23,Female,North,56174.04,Basic,0.14,Mobile App,15.72,1.28,9.59,24,6.89,4.0,0.601,6020.21
412,38,Female,East,44546.07,Platinum,1.68,Mobile App,15.5,6.65,0.54,14,9.04,25.6,0.191,7150.33
413,44,Male,East,36285.38,Gold,7.86,Both,17.08,4.7,1.58,14,8.64,4.9,0.463,6960.79
414,35,Female,South,28138.79,Basic,4.42,Mobile App,28.08,2.91,1.5,15,8.28,31.1,0.261,5096.32
415,50,Male,West,34963.21,Basic,6.78,Website,38.82,5.2,0.81,10,7.77,12.1,0.102,5380.95
416,63,Male,North,56341.45,Silver,1.54,Website,22.58,6.04,3.95,16,9.48,106.9,0.317,6029.55
417,28,Male,North,76349.89,Basic,0.1,Mobile App,23.71,6.84,0.22,12,6.22,20.8,0.419,5710.72
418,27,Female,East,44528.16,Silver,6.08,Website,26.06,1.62,6.1,17,6.35,0.8,0.429,5846.27
419,28,Male,West,93872.27,Silver,2.25,Mobile App,33.16,5.2,2.01,14,9.06,16.9,0.265,7012.76
420,56,Female,North,42145.15,Platinum,0.97,Both,23.7,2.46,6.95,11,7.64,38.6,0.041,6914.91
421,49,Female,North,49846.12,Basic,1.95,Mobile App,23.2,3.3,1.88,7,6.73,5.5,0.049,4500.61
422,37,Male,South,37128.8,Gold,1.31,Mobile App,15.89,1.69,1.49,11,8.32,15.8,0.198,5319.27
423,38,Male,West,76631.74,Basic,0.76,Mobile App,22.85,2.81,4.17,14,7.03,1.3,0.458,5920.73
424,29,Male,North,112885.43,Platinum,1.86,Both,38.6,5.25,6.92,11,6.51,25.6,0.157,8744.4
425,48,Female,South,29242.08,Platinum,0.63,Both,28.82,7.99,6.16,19,6.48,6.7,0.299,7575.09
426,34,Female,East,47994.58,Gold,9.58,Both,21.34,2.61,0.35,9,8.02,1.6,0.213,6395.58
427,35,Male,South,84345.18,Silver,0.52,Website,39.13,1.32,5.07,18,7.87,42.5,0.144,6460.86
428,45,Female,North,32648.99,Basic,2.87,Website,22.73,8.77,1.43,13,9.57,85.7,0.211,5398.9
429,36,Male,North,66061.37,Gold,6.05,Website,40.78,1.57,1.72,15,7.22,161.5,0.363,6418.37
430,35,Female,South,83076.34,Gold,4.5,Both,40.63,0.58,1.41,10,7.2,5.6,0.075,6473.0
431,38,Female,South,55680.21,Basic,1.62,Website,28.5,1.8,1.13,12,9.47,41.7,0.125,4813.74
432,47,Female,West,65682.78,Silver,4.18,Mobile App,14.51,0.26,1.6,17,8.88,19.4,0.486,6059.36
433,56,Female,East,100339.61,Silver,1.64,Website,48.61,5.84,0.78,10,7.79,6.1,0.081,6847.62
434,44,Female,East,107146.17,Gold,1.3,Website,31.49,1.48,5.1,16,5.57,29.4,0.368,7645.38
435,47,Male,West,53014.01,Gold,1.1,Mobile App,25.09,1.04,3.28,16,6.54,41.1,0.158,6326.79
436,36,Male,South,44966.26,Silver,0.54,Mobile App,36.61,3.08,2.32,20,6.23,36.1,0.083,5225.8
437,30,Male,South,39261.79,Silver,2.41,Mobile App,34.32,8.0,1.4,15,7.65,5.2,0.277,6099.82
438,45,Female,West,76262.56,Basic,3.01,Both,39.8,3.95,1.2,10,6.94,51.4,0.447,6097.63
439,40,Female,North,33519.36,Silver,1.93,Mobile App,22.04,0.88,2.72,15,9.68,13.9,0.098,4847.95
440,22,Female,East,49592.71,Basic,0.86,Both,30.87,10.77,2.38,26,5.56,2.1,0.394,6489.47
441,34,Female,East,56158.95,Gold,0.79,Mobile App,17.33,3.63,4.39,17,6.09,0.1,0.12,6134.23
442,37,Male,North,45430.96,Silver,0.1,Both,34.0,5.45,1.22,13,7.92,4.3,0.351,6201.58
443,32,Female,South,59750.75,Silver,3.37,Mobile App,27.79,0.7,1.12,12,8.28,14.9,0.346,5564.05
444,54,Male,North,132930.23,Basic,9.29,Both,30.53,9.62,3.18,15,4.24,35.6,0.248,8366.64
445,43,Male,North,51919.02,Basic,3.87,Website,26.68,2.1,3.69,15,5.34,3.8,0.339,5397.55
446,53,Female,South,46518.62,Silver,5.8,Mobile App,25.74,0.64,9.1,19,7.26,67.1,0.05,5736.38
447,41,Female,South,77293.58,Basic,1.02,Mobile App,20.19,3.36,0.33,15,9.36,0.7,0.06,5629.9
448,39,Female,West,58915.19,Basic,3.19,Mobile App,35.11,5.45,5.3,17,,33.1,0.083,6730.41
449,28,Male,West,89658.88,Gold,0.1,Mobile App,41.41,4.37,2.17,16,7.06,71.0,0.213,6914.52
450,38,Female,West,57390.88,Silver,2.6,Both,22.99,4.32,1.28,15,7.38,118.7,0.547,6207.49
451,38,Male,North,49664.81,Silver,9.78,Both,32.98,4.11,2.75,12,6.51,19.6,0.297,6774.03
452,23,Female,North,29018.72,Silver,1.55,Website,31.89,3.14,2.68,22,8.42,16.2,0.421,5807.14
453,32,Female,North,30733.02,Gold,1.61,Website,28.07,0.7,1.31,11,9.59,39.3,0.215,5133.42
454,34,Male,North,28495.61,Basic,2.02,Mobile App,14.26,2.43,0.36,8,9.23,35.7,0.055,3912.8
455,43,Male,West,,Gold,4.36,Both,16.29,2.18,5.31,19,7.56,8.9,0.216,7385.48
456,43,Male,South,33631.31,Platinum,0.4,Both,20.97,6.86,1.03,8,6.51,18.0,0.296,6362.01
457,32,Female,North,84073.95,Gold,3.15,Mobile App,8.75,5.85,0.89,6,7.61,11.6,0.404,6250.07
458,43,Male,West,,Silver,5.65,Both,40.67,1.96,1.12,20,9.4,35.6,0.249,7008.99
459,36,Female,South,49738.5,Gold,1.68,Mobile App,31.31,4.88,3.56,22,7.08,9.8,0.168,6346.78
460,18,Female,North,40321.93,Silver,2.44,Both,27.73,2.71,1.45,17,5.24,94.2,0.078,4900.45
461,33,Female,North,67358.92,Silver,7.14,Both,8.29,0.59,1.14,13,7.13,92.6,0.36,6007.16
462,50,Male,East,40881.21,Silver,2.91,Both,11.59,0.24,2.61,18,7.24,2.2,0.163,6155.5
463,20,Female,West,38373.32,Basic,0.39,Mobile App,27.98,4.49,2.34,8,5.23,3.2,0.167,4505.67
464,39,Male,North,82118.82,Basic,3.95,Website,45.73,1.16,1.16,15,7.9,33.1,0.304,6172.76
465,55,Female,West,61335.7,Silver,0.79,Mobile App,21.71,1.15,0.35,16,8.26,3.5,0.415,6037.34
466,30,Female,West,49899.92,Basic,2.55,Both,35.77,1.61,3.5,18,10.0,54.5,0.205,6115.05
467,38,Female,West,67812.48,Silver,3.26,Mobile App,23.68,4.56,2.37,10,5.87,19.9,0.087,6026.8
468,24,Female,North,54345.99,Silver,1.49,Website,28.5,5.9,0.23,14,8.55,10.6,0.163,5717.35
469,56,Male,North,61948.25,Platinum,0.89,Both,38.93,5.82,5.85,12,8.86,4.5,0.271,8108.47
470,37,Female,West,40704.88,Basic,7.9,Mobile App,24.89,0.51,0.22,10,8.28,15.1,0.244,5030.2
471,39,Male,South,111819.31,Silver,3.35,Mobile App,21.79,1.55,0.96,13,6.29,21.1,0.164,6656.82
472,53,Male,East,44228.87,Silver,2.31,Website,40.76,1.34,1.01,15,6.22,20.9,0.101,5562.19
473,45,Male,East,93396.18,Basic,1.31,Mobile App,28.41,4.56,1.18,10,7.73,36.7,0.303,5569.34
474,28,Male,North,50710.89,Basic,7.13,Mobile App,37.82,1.57,1.15,20,7.72,4.0,0.221,6172.54
475,31,Male,West,71860.64,Basic,2.74,Mobile App,21.83,2.56,0.59,17,6.87,21.2,0.458,5581.38
476,43,Male,West,70050.96,Basic,10.61,Mobile App,40.66,4.84,2.2,15,9.28,3.3,0.056,7049.29
477,31,Male,East,80934.71,Basic,1.79,Website,30.46,2.95,3.94,16,7.08,9.8,0.212,5615.89
478,18,Female,South,40367.56,Silver,5.54,Website,31.91,3.62,2.17,10,,8.9,0.298,4799.68
479,37,Female,West,78942.29,Silver,4.61,Mobile App,29.18,2.49,2.47,14,7.31,6.1,0.242,6839.83
480,22,Male,East,103389.01,Basic,2.26,Website,23.45,5.5,1.48,23,8.22,4.2,0.325,6996.54
481,56,Male,East,49486.61,Basic,3.28,Mobile App,27.98,5.87,2.11,15,8.04,0.3,0.176,5853.76
482,40,Male,West,54838.46,Basic,8.21,Mobile App,24.02,4.11,2.62,9,8.03,47.1,0.171,5733.27
483,28,Female,East,45107.04,Silver,0.7,Both,36.64,5.89,3.28,16,9.54,16.5,0.481,6720.73
484,30,Male,South,47989.97,Basic,0.1,Mobile App,26.17,13.06,1.06,16,6.15,2.4,0.304,5560.63
485,18,Male,North,98616.91,Silver,1.85,Website,14.53,4.79,0.94,10,7.05,6.4,0.408,6119.83
486,26,Male,North,38120.9,Basic,0.53,Both,12.89,2.78,0.14,11,9.61,16.9,0.472,4852.53
487,49,Male,South,38958.74,Basic,0.7,Website,12.46,3.68,7.05,17,5.04,0.1,0.244,5058.0
488,63,Male,South,95207.63,Platinum,8.37,Website,33.56,6.29,6.75,10,7.53,29.4,0.333,8861.9
489,46,Female,East,67412.92,Basic,1.72,Mobile App,17.64,2.08,1.83,11,9.2,2.4,0.195,5474.41
490,37,Female,South,113792.24,Basic,0.57,Mobile App,30.7,1.95,1.91,19,9.18,43.2,0.489,7179.4
491,33,Female,West,46274.51,Basic,2.88,Mobile App,29.23,3.63,5.56,16,8.46,53.6,0.017,5918.86
492,27,Female,West,56624.58,Platinum,0.1,Both,27.42,2.74,0.61,9,8.49,74.0,0.113,6540.01
493,61,Female,North,42991.73,Silver,0.93,Both,31.95,1.33,0.85,15,6.25,44.6,0.355,5545.44
494,36,Male,East,56962.9,Silver,1.65,Mobile App,29.42,3.24,5.8,18,9.39,4.3,0.417,7134.93
495,61,Female,East,29116.67,Platinum,3.37,Mobile App,5.0,7.15,1.47,11,6.04,46.5,0.338,6928.44
496,53,Female,East,68853.35,Basic,7.07,Mobile App,25.09,4.01,0.74,15,6.12,19.4,0.281,6559.74
497,19,Male,North,60670.69,Platinum,0.1,Website,31.83,1.1,2.73,16,8.1,31.7,0.279,6961.61
498,31,Female,West,53095.95,Basic,1.82,Website,42.76,4.46,1.07,13,6.96,3.7,0.374,5325.81
499,31,Male,West,47257.78,Silver,0.53,Website,43.18,2.33,5.12,15,7.87,4.2,0.275,5242.45
500,37,Female,East,39609.97,Silver,4.05,Both,15.73,10.39,2.09,19,8.16,15.6,0.405,6906.55
501,37,Female,West,69891.51,Silver,2.43,Mobile App,24.85,4.22,1.11,28,9.91,24.2,0.388,7417.79
502,71,Female,West,35958.42,Platinum,1.23,Website,13.9,1.79,1.16,10,8.16,15.4,0.377,5962.33
503,26,Female,South,64806.65,Basic,0.55,Website,41.68,4.7,2.63,8,6.8,14.4,0.415,5557.24
504,41,Female,East,111978.03,Platinum,3.35,Mobile App,37.12,3.41,1.62,15,8.48,10.5,0.222,8859.86
505,45,Female,South,91119.99,Silver,1.53,Both,31.16,6.71,1.45,13,6.52,4.9,0.274,6694.05
506,38,Female,West,31990.85,Silver,4.34,Mobile App,29.49,1.94,3.38,25,8.79,75.8,0.265,5837.67
507,39,Male,North,44897.69,Platinum,2.53,Both,40.43,4.22,5.61,15,7.68,9.8,0.351,7994.71
508,27,Female,South,62787.28,Basic,1.32,Both,38.9,0.7,3.04,12,8.12,13.6,0.056,5453.5
509,39,Female,West,52859.95,Platinum,6.42,Both,38.42,3.14,1.0,13,5.29,3.4,0.296,7594.3
510,44,Male,South,33196.77,Silver,3.31,Website,32.11,1.08,0.7,12,4.67,25.5,0.448,4686.4
511,42,Male,West,61998.2,Gold,4.38,Mobile App,24.86,3.33,3.23,8,5.65,0.6,0.388,6985.43
512,44,Female,South,53986.76,Basic,2.37,Both,34.9,3.87,3.03,11,9.87,16.8,0.387,5623.76
513,54,Male,West,105874.94,Silver,2.92,Both,35.34,4.1,1.36,16,6.11,4.5,0.324,7133.55
514,48,Male,West,49581.35,Gold,2.83,Website,26.28,1.94,1.65,13,8.55,54.3,0.373,6256.5
515,39,Male,South,81536.1,Silver,1.7,Both,24.84,3.21,1.05,11,6.77,22.4,0.124,5571.75
516,25,Male,East,34770.31,Basic,1.14,Mobile App,38.2,6.17,0.72,10,7.29,17.6,0.535,4866.11
517,31,Male,South,37805.0,Basic,6.66,Website,42.98,8.57,1.13,16,7.54,39.9,0.036,5915.22
518,36,Female,East,69743.65,Gold,1.24,Both,21.26,3.29,0.09,14,9.74,25.5,0.467,7100.97
519,41,Male,East,79166.28,Basic,0.41,Mobile App,25.63,6.28,4.46,18,,22.7,0.029,6373.47
520,33,Female,West,38751.03,Gold,1.65,Website,31.16,1.43,0.51,12,8.1,57.6,0.542,5758.24
521,28,Female,North,54634.84,Platinum,3.22,Both,32.38,2.19,1.86,19,9.29,0.2,0.354,7982.22
522,25,Male,North,33404.55,Basic,5.43,Both,23.3,3.55,0.17,12,6.78,80.3,0.273,4830.94
523,20,Male,East,50846.83,Basic,2.56,Both,44.95,2.75,2.96,14,8.99,13.0,0.307,5852.34
524,35,Female,East,72614.72,Gold,4.44,Mobile App,31.8,2.54,3.64,11,8.77,49.6,0.277,7162.34
525,22,Male,South,46525.9,Basic,6.88,Both,32.78,5.85,2.0,15,8.76,11.1,,5991.03
526,27,Male,North,49654.18,Silver,5.33,Mobile App,43.83,1.24,1.77,12,7.4,12.9,0.244,5735.94
527,34,Female,South,36481.9,Gold,1.25,Website,23.96,1.35,1.04,17,7.03,7.8,0.36,5874.97
528,23,Female,West,43177.49,Silver,5.85,Website,27.2,0.92,4.38,16,6.47,13.2,0.608,5523.37
529,42,Female,North,100241.63,Silver,5.6,Both,16.72,3.63,0.39,13,6.55,13.6,0.27,6906.23
530,46,Male,South,55576.94,Gold,0.98,Both,26.45,2.33,1.29,10,6.41,1.4,0.211,5532.59
531,32,Female,West,38146.61,Silver,0.81,Both,14.6,5.48,0.93,12,8.08,4.4,0.033,4873.89
532,33,Female,North,48524.78,Basic,6.95,Website,34.73,3.41,0.9,22,7.3,1.1,0.177,6723.73
533,44,Male,East,30973.9,Silver,3.41,Mobile App,31.78,1.91,4.3,18,8.16,47.6,0.261,5406.67
534,30,Female,North,37988.7,Platinum,2.13,Website,25.51,1.68,1.68,13,8.23,12.5,0.376,6594.33
535,29,Male,West,87213.89,Gold,5.52,Website,27.1,0.24,1.04,12,6.22,11.4,0.132,6595.72
536,51,Male,East,51540.91,Silver,0.13,Mobile App,34.85,2.63,2.43,14,6.18,54.2,0.476,5536.82
537,48,Female,West,105004.19,Basic,0.39,Website,17.78,1.09,2.28,12,7.3,18.2,0.317,5910.86
538,45,Male,North,52398.24,Basic,5.07,Both,29.84,5.94,3.6,7,6.59,115.9,0.237,5685.49
539,48,Male,East,53498.42,Basic,3.21,Both,34.3,2.24,2.64,16,6.46,37.8,0.516,6082.31
540,18,Female,East,67799.69,Basic,0.13,Both,11.96,0.78,1.75,14,9.8,3.9,0.254,5319.75
541,53,Female,North,21260.25,Platinum,0.19,Mobile App,34.16,6.73,1.85,11,5.61,0.1,0.477,6754.69
542,42,Female,North,58205.13,Basic,2.72,Website,12.93,2.66,2.55,26,10.0,4.6,0.34,6620.53
543,49,Female,North,53255.41,Gold,1.06,Mobile App,26.94,4.45,0.8,12,7.98,45.0,0.291,6482.09
544,42,Female,West,91136.5,Basic,1.45,Mobile App,17.53,1.93,2.24,8,8.88,27.5,0.239,5705.57
545,39,Male,East,75935.36,Basic,5.64,Website,40.88,6.89,5.53,14,8.73,3.5,0.078,6783.97
546,35,Male,East,36432.19,Silver,3.86,Mobile App,17.59,1.5,2.0,12,8.4,86.3,0.068,4985.73
547,42,Male,East,83679.43,Basic,3.26,Mobile App,13.15,2.33,1.39,11,9.76,12.2,0.258,5952.76
548,35,Male,East,49423.93,Gold,3.99,Website,29.2,0.55,1.38,14,6.19,6.5,0.299,5808.94
549,48,Female,South,39475.73,Platinum,1.97,Mobile App,24.28,6.78,2.47,21,7.4,22.7,0.153,7669.83
550,21,Male,South,58045.71,Platinum,1.98,Mobile App,14.46,1.74,2.14,13,6.49,35.2,0.373,6771.12
551,32,Male,East,50464.77,Basic,6.25,Mobile App,32.73,3.69,3.06,18,5.4,9.0,0.071,5234.23
552,60,Male,North,92824.22,Gold,0.14,Website,10.08,4.06,1.1,22,6.74,23.3,0.221,6931.27
553,31,Male,West,61035.91,Basic,3.59,Mobile App,18.67,6.07,1.6,10,10.0,24.6,0.364,5674.49
554,35,Female,West,58219.79,Platinum,0.51,Website,22.82,3.5,3.45,12,7.37,25.7,0.322,6853.75
555,28,Male,South,74252.48,Silver,3.42,Website,35.22,2.78,3.65,13,10.0,4.1,0.178,6640.81
556,42,Male,East,79419.97,Basic,0.26,Mobile App,39.66,5.66,3.67,19,10.0,9.2,0.304,7713.01
557,30,Male,North,71272.21,Basic,14.96,Both,37.93,4.02,3.18,10,10.0,21.9,0.117,6658.77
558,36,Female,West,89037.44,Basic,5.3,Mobile App,26.62,2.47,3.26,10,10.0,8.7,0.416,6744.73
559,47,Female,West,67039.61,Basic,0.49,Website,6.15,6.98,2.24,22,10.0,2.2,0.364,6356.05
560,30,Female,West,57450.44,Platinum,2.73,Mobile App,31.52,4.23,0.49,12,8.02,14.3,0.238,7275.53
561,47,Male,South,83592.6,Gold,12.51,Website,41.24,1.01,0.54,10,7.9,52.8,0.122,7400.78
562,47,Male,North,52479.94,Platinum,1.29,Mobile App,39.1,7.81,1.97,10,7.98,10.7,0.227,7587.36
563,50,Female,North,54810.46,Basic,3.8,Both,32.17,1.89,2.04,8,7.6,9.6,0.511,5678.89
564,40,Female,North,98968.01,Silver,14.13,Mobile App,17.29,6.05,0.88,9,7.79,0.1,0.118,7676.2
565,74,Female,North,95575.66,Basic,3.93,Website,23.27,0.79,0.94,14,8.58,2.6,0.247,6680.73
566,50,Female,North,54021.56,Silver,0.95,Mobile App,45.4,5.64,1.74,18,6.99,10.8,0.013,6420.84
567,42,Female,West,46224.12,Basic,4.37,Mobile App,15.25,1.07,7.77,23,5.81,7.7,0.464,6114.16
568,28,Male,North,90410.05,Basic,3.1,Mobile App,17.67,3.43,0.74,11,8.07,21.6,0.413,5985.73
569,37,Male,North,71692.86,Silver,0.4,Website,36.48,4.15,1.33,9,6.7,51.0,0.225,6233.76
570,54,Female,West,60503.32,Basic,1.19,Website,24.12,2.51,3.59,7,6.83,43.0,0.391,5015.61
571,57,Male,East,48404.33,Silver,0.25,Both,17.36,3.02,3.13,18,7.41,14.3,0.426,6181.71
572,54,Female,East,60845.54,Gold,0.75,Both,41.75,1.28,2.37,21,7.12,5.2,0.188,6923.54
573,47,Female,East,53766.29,Basic,1.56,Both,32.15,5.25,0.28,7,9.04,26.2,0.31,5500.91
574,24,Female,West,42936.68,Platinum,0.13,Mobile App,24.56,3.56,1.53,17,7.38,6.2,0.213,6925.3
575,43,Female,East,56679.33,Silver,2.73,Both,17.69,1.49,6.37,16,9.11,2.8,0.432,6033.05
576,24,Female,East,59450.45,Gold,0.8,Website,46.43,3.66,0.91,17,7.87,22.3,0.119,6283.26
577,22,Female,East,47506.02,Gold,2.63,Website,27.78,3.74,0.88,5,7.48,6.4,0.495,5511.59
578,41,Female,South,74335.13,Gold,3.78,Both,40.58,3.13,5.35,9,7.81,0.7,0.166,6854.97
579,44,Female,South,85058.23,Gold,2.49,Website,36.04,0.24,1.74,10,5.92,14.5,0.115,5930.35
580,48,Male,South,76074.18,Platinum,2.78,Both,23.31,2.24,0.3,17,8.04,44.0,0.512,8008.89
581,43,Female,North,49183.48,Silver,0.63,Both,23.38,5.2,0.65,15,8.7,10.2,0.407,6516.33
582,44,Female,West,70582.5,Basic,13.49,Mobile App,41.02,4.31,1.12,11,8.89,13.4,0.354,7251.21
583,27,Male,North,55675.0,Basic,1.19,Website,41.16,4.23,2.28,12,5.84,3.3,0.312,4988.49
584,37,Male,North,35153.83,Silver,0.96,Website,11.11,3.54,1.58,15,5.63,1.8,0.6,4899.39
585,21,Female,North,68559.36,Basic,7.24,Both,32.95,5.6,0.84,17,6.9,7.3,0.301,6634.53
586,18,Female,West,57019.36,Basic,4.33,Both,26.91,1.88,1.6,12,9.4,6.1,0.03,5121.4
587,46,Male,South,134287.97,Basic,0.5,Mobile App,18.7,1.57,0.91,14,7.89,3.5,0.472,6985.85
588,30,Male,East,90223.46,Silver,0.19,Mobile App,30.36,9.08,6.63,16,6.59,44.8,0.275,7282.86
589,48,Male,West,69487.53,Basic,1.23,Mobile App,15.85,1.72,0.61,13,5.71,2.8,0.165,4924.17
590,50,Male,North,59113.21,Silver,12.31,Website,23.8,0.97,1.26,15,6.71,28.2,0.683,6942.05
591,31,Female,East,57371.49,Gold,5.01,Mobile App,20.81,2.47,1.1,14,6.62,6.3,0.172,6261.16
592,44,Male,South,38128.17,Gold,2.26,Both,23.5,3.21,1.12,18,8.82,43.9,0.061,5919.46
593,31,Male,North,29476.67,Basic,0.1,Website,27.36,5.63,0.69,20,8.92,12.4,0.259,5295.57
594,18,Female,East,39918.87,Silver,1.36,Both,18.86,2.24,5.07,20,6.24,13.3,0.024,5256.26
595,39,Male,West,53279.08,Silver,1.14,Mobile App,42.16,2.23,8.18,19,8.58,63.1,0.374,6270.75
596,33,Male,South,25927.55,Silver,9.34,Website,32.44,3.0,2.51,14,8.45,35.7,0.278,5314.44
597,33,Female,East,44778.68,Gold,0.1,Mobile App,44.15,1.96,2.34,22,6.07,3.8,0.297,6589.67
598,60,Female,South,49678.89,Basic,0.1,Both,26.56,0.8,0.38,12,7.49,25.9,0.405,5321.81
599,21,Female,East,50241.7,Platinum,3.51,Mobile App,23.06,1.05,4.98,7,8.04,2.1,0.101,6869.36
600,42,Female,East,42975.98,Basic,0.44,Mobile App,43.83,6.64,0.91,18,7.81,21.7,0.039,6009.19
601,27,Male,East,48072.72,Gold,1.54,Mobile App,22.8,4.85,0.33,16,5.38,9.8,0.406,5941.88
602,48,Female,East,99048.3,Silver,0.31,Both,26.4,2.93,2.86,7,7.77,5.7,0.332,6672.86
603,41,Female,North,68305.86,Basic,0.64,Mobile App,34.48,4.3,4.07,9,8.43,6.9,0.047,5379.22
604,42,Female,East,,Gold,1.33,Website,16.86,4.95,4.95,8,9.65,11.7,0.646,6474.53
605,28,Female,East,52895.75,Basic,2.95,Both,34.4,1.8,1.27,18,6.73,32.7,0.199,6019.79
606,30,Female,East,53642.15,Gold,4.34,Both,33.25,1.27,1.14,11,6.89,21.6,0.27,6406.17
607,48,Female,North,41407.43,Silver,2.6,Mobile App,39.42,6.2,2.2,10,7.33,17.1,0.129,6193.95
608,57,Male,South,41390.41,Basic,0.1,Mobile App,36.01,0.33,1.58,16,7.98,57.2,0.503,5029.83
609,43,Female,South,77163.62,Basic,1.61,Mobile App,39.7,4.35,2.91,9,7.73,19.6,0.467,6021.02
610,28,Male,North,46773.66,Gold,0.58,Mobile App,27.01,3.4,2.21,21,8.39,116.1,0.096,5932.79
611,42,Female,North,36932.83,Basic,0.61,Website,20.24,5.8,0.84,18,6.14,0.3,0.241,5089.91
612,65,Female,South,53364.49,Platinum,2.03,Mobile App,46.99,4.46,5.06,14,8.12,2.1,0.296,8070.11
613,39,Female,East,56460.89,Gold,4.27,Mobile App,14.26,4.29,2.92,16,6.64,29.1,0.183,6518.21
614,54,Female,North,27161.44,Gold,0.79,Mobile App,15.16,1.38,4.0,14,7.41,7.6,0.404,5703.88
615,30,Male,West,53409.23,Basic,4.88,Website,33.09,5.07,0.85,14,9.82,16.2,0.375,5820.45
616,38,Female,East,73408.35,Gold,4.33,Mobile App,42.62,3.99,2.86,11,5.78,1.7,0.089,6933.34
617,45,Female,East,63445.1,Platinum,8.28,Website,29.71,1.54,3.47,16,7.24,5.5,0.496,8234.06
618,42,Male,South,118234.86,Basic,6.29,Mobile App,36.99,3.42,2.15,13,5.94,32.4,0.348,6780.74
619,30,Male,South,83942.58,Basic,2.29,Both,10.04,1.14,0.68,24,7.8,4.5,0.151,5686.51
620,29,Male,East,89960.58,Basic,0.7,Website,23.5,2.63,1.99,13,8.96,21.8,0.35,5744.12
621,49,Female,West,144354.89,Silver,3.65,Mobile App,11.13,11.47,3.23,16,7.82,45.3,0.272,8053.06
622,51,Female,South,70640.2,Gold,9.75,Mobile App,35.02,1.32,4.2,13,7.45,28.0,0.333,7284.81
623,55,Female,East,57358.4,Silver,6.53,Mobile App,14.07,0.79,0.42,17,9.33,14.5,0.61,6613.5
624,58,Male,East,76176.56,Silver,1.23,Mobile App,16.5,1.06,2.11,24,8.03,0.2,0.406,6829.44
625,39,Female,East,44545.54,Basic,11.59,Mobile App,32.63,2.61,0.53,15,8.67,39.7,0.137,6013.75
626,35,Male,North,56257.25,Basic,0.84,Both,37.56,4.68,3.26,12,8.53,2.2,0.38,6513.49
627,53,Female,South,43187.02,Basic,2.46,Website,26.57,3.07,3.9,16,3.86,9.6,0.213,4570.06
628,46,Male,South,62273.71,Gold,2.04,Mobile App,33.13,0.91,0.78,15,7.5,13.0,0.458,6884.36
629,27,Female,West,43123.86,Silver,6.25,Website,32.84,4.64,0.64,14,6.2,18.8,0.133,5537.12
630,27,Female,South,42598.53,Silver,1.9,Mobile App,26.06,0.48,1.1,15,6.52,6.2,0.213,4948.06
631,43,Female,South,62612.21,Gold,4.23,Both,18.15,1.0,1.63,8,9.52,84.0,0.171,6189.95
632,36,Female,West,51627.05,Basic,1.55,Mobile App,33.08,1.89,0.97,17,7.11,21.7,0.161,5213.04
633,38,Male,South,27594.39,Basic,0.67,Both,33.52,6.06,3.48,12,10.0,36.7,0.367,5067.55
634,50,Male,North,32550.73,Basic,5.13,Both,36.05,3.16,4.22,19,5.77,80.8,0.471,6305.53
635,46,Male,North,36259.5,Platinum,2.37,Mobile App,30.81,3.25,2.04,8,6.19,6.3,0.366,6131.11
636,53,Male,North,39773.65,Gold,5.19,Mobile App,17.48,0.92,1.0,16,8.59,20.9,0.204,6280.73
637,18,Female,North,62633.04,Silver,2.41,Mobile App,34.21,2.04,1.58,12,7.16,9.4,0.274,5931.82
638,41,Female,South,58491.02,Basic,1.34,Both,27.99,5.48,2.04,14,8.0,23.9,0.24,6057.79
639,46,Female,East,78656.68,Basic,1.56,Website,23.66,3.82,1.52,19,7.45,1.1,0.206,6009.22
640,21,Female,East,70507.94,Silver,14.88,Website,25.35,4.76,1.75,13,7.41,0.5,0.236,7816.55
641,31,Female,North,78839.23,Silver,6.85,Both,21.79,2.91,3.98,12,7.2,14.9,0.383,7074.7
642,29,Female,East,67032.89,Platinum,6.16,Both,36.0,5.52,0.94,21,7.83,5.7,,8146.45
643,38,Male,North,58301.77,Gold,4.66,Website,15.24,0.92,7.01,12,8.43,8.0,0.155,6011.3
644,56,Male,West,79600.3,Silver,0.58,Website,19.06,2.56,2.09,14,9.7,0.8,0.222,6231.31
645,60,Female,North,74741.78,Gold,3.3,Both,25.04,4.22,1.46,14,7.34,32.8,0.182,6828.46
646,29,Female,East,61798.44,Platinum,2.24,Mobile App,42.52,0.65,0.92,11,7.09,66.2,0.273,7171.32
647,44,Male,South,84531.13,Silver,3.01,Both,37.49,0.17,0.99,16,6.92,18.3,0.243,6351.18
648,44,Female,East,23836.52,Silver,1.69,Mobile App,13.23,9.09,1.89,18,9.51,24.4,0.177,5485.98
649,42,Female,South,48939.39,Platinum,6.43,Mobile App,40.16,3.19,2.08,12,8.5,14.3,0.21,7416.96
650,42,Male,East,48677.56,Basic,4.41,Both,40.14,0.59,1.41,12,5.13,13.9,0.068,5293.39
651,41,Male,North,81100.06,Platinum,3.24,Mobile App,17.43,3.13,0.52,8,5.07,14.9,0.264,6654.03
652,57,Female,West,93900.24,Basic,1.52,Mobile App,5.31,1.02,1.89,12,6.52,6.1,0.265,5946.87
653,50,Female,South,32612.05,Silver,2.0,Mobile App,27.35,1.38,1.01,12,7.9,13.0,0.579,5676.94
654,26,Male,East,88779.27,Gold,3.06,Website,38.1,6.19,0.3,14,7.56,8.8,0.322,7198.57
655,47,Female,West,35953.95,Silver,0.1,Both,42.32,1.93,2.99,20,8.27,34.8,0.249,5588.7
656,48,Male,West,36336.38,Silver,2.27,Mobile App,20.16,1.92,0.36,29,7.37,24.8,0.038,6035.19
657,41,Female,North,49911.16,Silver,4.32,Mobile App,43.77,0.99,1.36,11,9.42,16.5,0.095,5874.41
658,50,Male,South,48466.48,Basic,5.21,Website,7.95,2.27,1.71,15,8.6,4.0,0.454,5070.71
659,40,Female,North,31399.71,Basic,1.72,Both,24.69,3.34,4.63,11,7.7,18.5,,5524.99
660,40,Male,North,68013.21,Basic,1.58,Mobile App,24.25,1.93,0.32,15,9.09,0.4,0.228,5603.2
661,39,Male,East,68719.68,Silver,12.25,Both,38.37,10.63,3.23,12,5.46,17.7,0.404,7291.04
662,18,Female,West,78347.91,Silver,0.59,Both,39.68,1.22,3.61,13,7.49,6.8,0.333,6348.63
663,37,Male,West,46550.39,Basic,1.99,Mobile App,36.59,1.22,5.63,14,7.78,5.7,0.206,5388.75
664,31,Male,East,53430.98,Platinum,2.02,Both,15.85,2.2,4.11,17,8.38,9.2,0.213,7760.23
665,25,Male,East,53602.47,Silver,3.32,Website,35.76,9.82,1.76,22,5.37,5.7,0.248,6409.37
666,54,Female,West,97811.59,Silver,2.78,Website,32.58,4.81,3.34,16,7.26,8.0,0.163,6906.79
667,44,Female,West,20090.74,Silver,2.78,Mobile App,12.96,1.88,4.79,16,8.12,8.7,0.192,5265.06
668,38,Female,North,38757.11,Basic,1.5,Both,9.4,1.88,0.23,17,8.22,33.9,0.131,4994.15
669,32,Male,East,54281.53,Gold,4.55,Both,37.34,1.18,0.52,14,9.14,5.1,0.283,6853.44
670,41,Male,West,37050.99,Silver,5.2,Both,26.38,2.15,2.25,9,8.59,22.6,0.294,5597.67
671,49,Male,South,49493.07,Basic,5.02,Both,16.43,2.51,3.58,9,7.52,41.5,0.038,4989.5
672,29,Female,South,51837.73,Platinum,1.98,Website,26.13,4.66,2.91,11,8.48,28.2,0.607,7120.4
673,38,Female,West,43036.76,Gold,2.9,Both,31.28,4.01,2.41,20,7.34,67.3,0.251,6819.46
674,48,Female,West,55412.7,Gold,0.87,Both,27.25,2.09,5.58,16,7.79,18.8,0.288,6581.94
675,18,Female,West,67497.93,Gold,2.93,Mobile App,14.03,7.55,1.41,20,8.63,115.9,0.113,6944.49
676,37,Male,West,49876.58,Platinum,2.9,Mobile App,44.97,1.67,0.97,13,7.54,8.3,0.503,7821.76
677,33,Female,North,46229.89,Basic,1.86,Mobile App,37.04,0.78,1.19,20,8.07,15.4,0.316,5616.71
678,37,Female,South,51122.62,Silver,10.77,Both,24.98,3.45,2.29,18,8.85,66.0,0.361,7524.66
679,32,Male,East,54035.54,Silver,0.97,Mobile App,25.34,5.89,1.7,16,8.53,0.9,0.207,5852.68
680,40,Male,East,29462.93,Basic,0.16,Both,31.24,2.83,3.73,8,9.2,3.6,0.435,4773.45
681,59,Male,South,63674.78,Basic,10.13,Mobile App,17.83,0.95,1.02,11,10.0,0.7,0.181,6297.76
682,34,Male,East,46265.4,Basic,6.23,Mobile App,30.9,3.25,2.52,17,8.51,82.9,0.74,6363.48
683,41,Male,South,84249.45,Gold,0.46,Website,16.02,3.55,3.35,14,7.0,22.6,0.067,6252.92
684,60,Male,East,66627.24,Gold,1.77,Mobile App,27.37,3.82,4.78,16,8.27,0.3,0.178,7276.86
685,32,Female,South,81595.0,Gold,0.57,Both,17.48,3.3,0.62,19,8.21,1.6,0.064,6900.61
686,58,Male,South,38030.69,Basic,2.8,Mobile App,17.94,6.41,1.17,12,8.4,12.4,0.385,5865.44
687,38,Male,North,47572.72,Basic,0.53,Both,42.81,1.16,1.6,20,9.54,22.8,0.296,5981.94
688,58,Female,North,35071.34,Silver,3.1,Mobile App,28.53,0.08,0.45,6,5.41,9.3,0.265,4552.49
689,46,Female,West,42327.11,Silver,1.18,Both,29.87,0.48,2.39,17,9.57,20.9,,5839.53
690,41,Female,South,83971.85,Platinum,8.49,Website,9.9,0.94,2.37,11,10.0,21.9,0.32,8118.69
691,37,Male,North,91182.81,Platinum,1.94,Mobile App,22.63,5.22,2.21,17,8.34,42.3,0.299,8522.98
692,31,Female,East,36248.5,Platinum,3.15,Mobile App,32.15,2.27,1.52,22,8.37,15.2,0.444,7783.21
693,39,Male,East,46147.72,Gold,1.12,Mobile App,29.75,7.95,4.42,14,7.29,1.3,0.074,6210.0
694,48,Male,North,52750.66,Platinum,2.02,Website,8.61,1.08,1.2,12,7.61,3.3,0.444,7084.87
695,38,Female,South,66500.32,Silver,0.16,Both,29.86,7.84,4.13,18,8.51,10.1,0.26,7236.2
696,35,Female,North,29262.63,Basic,1.05,Mobile App,31.3,1.4,1.17,22,8.42,19.0,0.528,5678.79
697,35,Female,East,30913.55,Basic,2.69,Mobile App,39.55,2.5,0.6,13,8.54,25.8,0.504,5811.61
698,49,Female,North,64303.49,Silver,0.92,Website,22.1,0.59,1.77,16,8.41,52.9,0.293,6012.37
699,51,Female,North,27387.35,Basic,0.55,Website,7.82,7.17,2.05,11,8.77,38.3,0.107,5072.13
700,31,Male,North,46333.52,Basic,0.11,Website,19.03,2.77,2.55,11,8.62,7.0,0.097,4758.51
701,31,Male,East,57338.76,Platinum,1.57,Website,18.13,10.93,0.15,10,6.27,56.7,0.09,6729.55
702,42,Male,North,62660.28,Basic,6.49,Both,34.63,6.07,1.39,17,8.68,64.5,0.482,7086.37
703,55,Male,West,51554.7,Platinum,3.97,Both,5.0,2.45,6.66,18,10.0,2.5,0.397,7935.12
704,51,Female,North,47666.55,Gold,10.94,Mobile App,23.96,1.59,1.1,10,7.57,33.1,0.167,6784.05
705,24,Male,East,72809.36,Silver,3.94,Mobile App,40.83,5.38,3.62,9,9.55,4.3,0.229,6952.55
706,35,Female,South,59863.49,Gold,1.46,Mobile App,28.06,2.99,11.39,10,6.41,59.4,0.174,6391.1
707,28,Female,South,43197.77,Basic,6.16,Website,36.07,1.52,7.51,17,7.56,13.4,,5758.17
708,35,Female,North,54896.4,Silver,4.51,Mobile App,13.22,3.15,0.7,15,6.77,11.0,0.49,6144.18
709,56,Male,West,61951.63,Basic,2.04,Both,13.58,0.4,3.4,14,9.39,6.3,0.209,5808.22
710,22,Male,West,98852.39,Platinum,16.13,Website,40.94,3.87,3.55,10,9.73,18.3,0.215,9643.4
711,20,Female,North,71340.06,Basic,9.77,Website,28.91,4.41,3.01,7,7.47,13.8,0.049,6094.77
712,29,Female,North,82875.51,Basic,0.4,Both,28.93,1.05,0.59,14,9.12,15.8,0.485,6321.17
713,41,Female,West,43751.77,Gold,10.04,Mobile App,17.94,6.53,2.2,8,9.75,43.1,0.312,6644.93
714,45,Female,East,45095.42,Gold,2.62,Both,28.91,5.63,2.19,20,7.56,3.6,0.263,6842.75
715,43,Female,North,49892.05,Silver,3.22,Mobile App,17.69,3.63,0.51,10,7.77,8.0,0.496,5931.82
716,51,Male,North,51521.25,Silver,4.58,Website,38.68,1.31,1.46,19,8.55,14.8,0.39,6725.58
717,19,Female,East,38070.36,Basic,0.55,Both,52.55,4.59,2.27,14,6.5,17.5,0.144,5412.6
718,51,Male,East,84379.25,Gold,2.38,Both,32.36,2.17,1.73,14,7.74,6.4,0.183,6973.25
719,35,Female,East,73804.36,Basic,0.59,Both,22.29,3.36,3.17,14,10.0,12.5,0.234,6048.02
720,46,Female,West,48679.47,Basic,1.81,Mobile App,5.2,4.9,1.43,14,6.95,33.8,0.065,4551.99
721,23,Female,South,67819.07,Basic,0.32,Both,12.84,0.79,2.02,15,8.71,217.3,0.295,4380.47
722,38,Male,South,58572.16,Basic,1.98,Website,41.99,0.56,3.78,8,8.28,0.4,0.507,5356.93
723,41,Male,South,69698.9,Basic,0.66,Website,18.74,2.01,6.13,14,7.39,78.5,0.078,5328.95
724,51,Female,South,33843.17,Silver,2.3,Mobile App,24.66,9.76,0.58,12,7.89,8.0,0.446,5912.43
725,21,Male,North,51483.6,Basic,3.39,Mobile App,33.9,11.23,3.08,16,9.88,15.8,0.312,7110.73
726,38,Male,North,53086.96,Basic,9.13,Website,41.34,3.81,1.24,14,8.32,28.4,0.29,6240.4
727,26,Male,South,67391.54,Silver,2.92,Mobile App,26.2,5.74,2.57,17,8.52,36.5,0.243,6396.47
728,44,Male,East,43479.59,Basic,3.5,Both,24.36,2.85,0.53,12,9.68,152.9,0.465,4961.69
729,47,Male,North,22584.62,Gold,0.1,Both,28.64,3.15,4.49,8,7.22,72.4,0.177,5092.85
730,52,Female,South,37101.22,Platinum,3.08,Both,22.35,2.5,0.91,19,6.24,3.8,0.256,6842.16
731,32,Male,East,53031.07,Silver,1.72,Mobile App,22.84,6.21,3.83,14,,4.4,0.369,5937.59
732,48,Male,East,55401.36,Platinum,2.85,Both,31.71,8.01,0.61,16,7.78,23.0,0.103,7519.51
733,53,Male,East,97666.3,Basic,0.85,Mobile App,29.67,3.1,0.42,11,8.76,5.2,0.325,6351.11
734,20,Male,West,66433.8,Basic,1.73,Website,47.18,3.14,1.55,12,6.61,34.1,0.611,5449.97
735,45,Male,East,55744.59,Gold,6.79,Both,31.95,2.6,2.21,10,8.11,78.9,0.165,6391.09
736,49,Female,North,53565.64,Gold,3.07,Mobile App,38.36,8.14,7.98,16,6.17,5.4,0.393,7645.91
737,35,Male,South,79735.02,Gold,5.31,Mobile App,18.36,5.26,2.17,11,7.68,3.6,0.233,6546.71
738,25,Male,East,44066.77,Basic,2.24,Mobile App,32.73,1.28,0.7,9,6.76,11.3,0.094,4539.96
739,48,Male,North,51580.59,Gold,0.45,Website,21.49,9.56,3.39,11,6.46,27.8,0.482,6595.66
740,25,Male,North,37003.2,Silver,0.1,Both,31.56,0.23,5.02,19,7.21,82.7,0.229,5601.32
741,36,Male,North,89020.07,Basic,2.2,Mobile App,34.2,7.61,0.86,12,4.62,6.1,0.1,6185.29
742,38,Male,South,62154.26,Basic,2.66,Mobile App,28.45,5.88,3.73,16,6.09,17.8,0.477,5999.02
743,46,Female,South,42292.58,Platinum,1.21,Website,49.67,3.1,4.58,18,8.62,51.6,0.621,7605.6
744,31,Male,North,52048.99,Basic,2.54,Mobile App,40.85,3.05,3.45,19,8.05,27.6,0.532,6295.89
745,30,Female,West,64755.75,Gold,4.9,Both,38.6,2.7,1.05,17,6.2,44.5,0.238,7320.38
746,39,Female,West,49624.92,Silver,1.81,Both,34.88,1.34,2.23,14,8.31,22.9,0.274,5913.48
747,49,Male,North,44933.34,Gold,3.99,Both,43.87,9.08,2.57,16,6.46,2.9,0.428,7414.25
748,63,Male,West,43088.19,Gold,9.96,Both,15.07,2.98,4.39,16,8.54,26.9,0.346,7398.93
749,21,Female,North,61000.46,Gold,5.64,Website,40.33,1.31,1.11,14,7.45,5.1,0.366,6827.59
750,41,Female,West,47795.22,Basic,1.57,Both,19.08,8.72,3.8,10,7.18,72.6,0.13,5202.45
751,26,Male,West,46220.78,Basic,0.83,Mobile App,22.92,4.12,1.68,9,7.48,20.4,0.198,4581.44
752,49,Male,North,33940.98,Silver,2.58,Mobile App,33.05,4.29,1.39,18,10.0,4.8,0.246,6141.58
753,28,Male,East,55668.75,Silver,6.38,Website,39.1,10.01,1.97,13,6.61,35.8,0.061,6488.66
754,31,Male,West,50846.77,Basic,3.55,Mobile App,17.62,4.71,0.11,12,7.89,36.1,0.287,4696.18
755,32,Female,West,48408.13,Basic,8.63,Both,23.39,1.81,0.18,16,8.62,36.5,0.224,6039.07
756,37,Male,West,58079.6,Basic,9.14,Website,28.88,4.71,0.26,12,6.35,27.2,0.491,5819.92
757,42,Male,East,70389.6,Basic,2.13,Both,26.32,1.44,2.66,11,5.53,37.8,0.624,5160.89
758,43,Female,North,,Basic,4.9,Mobile App,35.69,2.1,1.53,24,6.82,43.7,0.154,6345.35
759,38,Male,West,65739.48,Platinum,2.16,Website,58.92,3.73,1.05,17,8.59,38.4,0.359,8044.82
760,23,Male,East,49799.76,Basic,0.1,Both,31.77,5.68,1.83,14,7.16,44.5,0.126,5160.58
761,46,Female,East,44424.69,Platinum,17.95,Mobile App,21.38,1.89,3.87,17,7.3,1.9,0.217,8919.3
762,37,Male,South,37595.12,Platinum,2.9,Website,16.33,2.64,1.76,10,8.78,2.5,0.249,6603.2
763,51,Male,East,44019.82,Basic,2.09,Website,25.07,2.62,0.68,13,6.55,57.3,0.171,4233.66
764,30,Male,North,54550.25,Gold,0.29,Both,19.54,6.35,8.86,14,7.48,35.3,0.235,6727.6
765,20,Female,East,41142.62,Silver,0.95,Both,32.21,3.05,1.9,9,5.63,36.0,0.154,4998.42
766,38,Male,North,56028.74,Gold,1.03,Mobile App,32.07,9.48,4.61,16,8.02,14.6,0.167,7151.29
767,52,Male,East,38641.81,Basic,3.94,Website,23.83,2.1,3.48,20,7.9,3.6,0.608,6041.83
768,40,Male,West,30292.42,Basic,6.79,Website,45.86,1.96,1.31,12,8.63,50.4,0.277,4752.71
769,36,Male,South,72170.9,Basic,0.24,Mobile App,21.38,7.52,6.06,20,6.11,32.6,0.368,5960.26
770,28,Female,South,45887.81,Silver,3.24,Mobile App,26.93,4.45,1.13,13,7.35,49.1,0.107,5690.77
771,57,Male,South,40418.31,Platinum,0.31,Mobile App,33.75,13.13,2.62,13,,55.8,0.26,7192.92
772,27,Female,West,,Gold,1.31,Mobile App,36.03,7.34,2.36,15,7.28,13.0,0.102,6755.8
773,30,Female,East,62822.12,Gold,16.66,Website,39.5,1.01,2.54,15,9.53,88.1,0.518,7757.02
774,44,Female,South,87659.71,Platinum,3.2,Mobile App,31.86,2.99,5.36,11,7.18,8.1,0.437,8606.26
775,18,Male,North,47048.02,Gold,2.25,Website,37.46,3.72,1.94,17,5.82,13.2,0.111,5893.04
776,52,Female,North,,Basic,7.02,Mobile App,22.01,3.54,2.25,18,6.72,37.3,0.23,6301.66
777,45,Female,South,78831.75,Gold,3.9,Both,36.26,2.67,2.34,13,5.51,26.5,0.252,6825.15
778,48,Male,West,28748.59,Silver,0.93,Mobile App,36.14,3.49,7.75,10,5.92,4.3,0.113,5093.39
779,44,Female,East,107840.01,Basic,2.65,Both,41.62,3.62,4.36,21,8.47,3.9,0.25,7870.75
780,36,Female,North,127444.35,Silver,2.74,Mobile App,12.98,1.92,0.4,7,5.72,37.3,0.521,6524.47
781,26,Male,West,21010.59,Platinum,2.77,Website,19.84,6.18,1.17,16,8.01,14.5,0.261,6770.47
782,36,Female,South,52358.73,Basic,1.31,Mobile App,35.41,8.79,2.05,13,7.63,18.5,0.412,5799.65
783,27,Male,West,42123.82,Silver,3.46,Mobile App,5.0,4.99,5.29,14,6.91,2.2,0.316,5589.59
784,43,Female,North,49381.44,Basic,1.81,Website,32.43,4.03,5.65,14,7.9,76.2,0.284,4815.87
785,47,Female,East,46796.57,Basic,8.01,Both,37.54,2.85,1.85,14,6.38,1.9,0.075,5829.22
786,54,Male,West,71977.99,Basic,1.01,Both,22.81,3.7,1.13,14,8.69,4.7,0.127,6150.54
787,42,Female,North,52083.35,Gold,3.57,Mobile App,24.13,3.97,1.64,9,6.69,2.3,0.227,6377.16
788,48,Male,East,39386.66,Gold,3.41,Mobile App,18.33,1.34,2.11,11,7.1,4.7,0.195,5933.52
789,35,Female,West,51007.87,Basic,1.49,Both,23.31,5.98,1.55,12,6.94,3.3,0.598,5683.24
790,33,Female,North,64872.2,Basic,0.67,Website,23.57,2.21,4.69,16,8.5,5.8,0.363,6241.39
791,43,Male,North,35799.8,Basic,0.29,Mobile App,21.85,7.79,1.42,10,8.31,25.6,0.138,4984.36
792,34,Male,East,30449.3,Basic,3.26,Both,21.36,3.4,0.88,13,4.19,9.1,0.501,4635.03
793,41,Male,South,108821.04,Silver,1.74,Website,25.56,6.05,1.61,18,7.93,11.3,0.398,7458.59
794,26,Male,North,43267.22,Gold,2.03,Website,25.45,4.94,2.46,14,5.33,1.0,0.067,5918.13
795,28,Male,South,51633.53,Silver,1.6,Mobile App,44.87,1.02,4.76,14,7.16,25.8,0.26,5853.81
796,45,Male,East,47135.02,Silver,0.44,Mobile App,24.45,7.34,0.81,15,7.46,60.7,0.558,5814.28
797,48,Male,South,65632.79,Silver,1.95,Mobile App,31.1,1.66,2.47,15,7.14,35.5,0.107,5850.03
798,27,Male,South,100757.96,Basic,0.1,Both,22.81,2.09,2.53,22,8.25,8.1,0.238,6970.85
799,45,Female,West,66368.43,Basic,1.47,Mobile App,22.69,2.24,2.9,15,8.54,22.6,0.559,6153.78
800,32,Female,East,31842.98,Platinum,2.33,Both,12.66,0.7,1.42,14,6.59,34.3,0.365,6048.07
801,38,Female,West,33374.81,Gold,7.58,Both,13.86,3.52,2.86,16,6.55,31.4,0.196,6148.98
802,54,Male,South,47115.74,Platinum,0.44,Both,17.14,6.3,3.41,14,7.55,41.3,0.165,6825.48
803,47,Female,West,49321.65,Platinum,2.89,Mobile App,29.65,7.66,1.41,14,5.59,1.6,0.59,7550.22
804,47,Female,East,29652.95,Silver,1.39,Mobile App,37.69,2.67,2.25,17,6.98,41.1,0.063,4793.93
805,59,Male,North,72169.25,Platinum,5.22,Website,11.92,3.03,1.7,16,9.35,15.9,0.454,8683.01
806,30,Male,West,37041.26,Silver,0.86,Website,23.06,5.17,0.99,9,5.64,6.1,0.248,4358.12
807,27,Female,South,91368.45,Basic,1.68,Both,15.7,2.73,0.55,13,7.16,37.1,0.378,5623.64
808,30,Male,North,102459.35,Basic,4.0,Mobile App,25.62,6.68,1.13,19,6.83,23.8,0.33,6639.88
809,35,Female,North,49667.76,Basic,1.32,Both,37.68,2.92,1.2,10,10.0,117.7,0.24,5475.88
810,18,Female,East,63173.51,Basic,5.07,Mobile App,23.98,1.48,0.54,15,6.9,16.1,0.232,5559.98
811,36,Male,North,35200.6,Silver,0.21,Mobile App,27.57,3.58,2.72,11,6.98,83.8,0.487,5008.63
812,32,Male,South,67392.34,Gold,0.9,Mobile App,41.1,0.84,3.59,15,6.26,10.5,0.514,6577.59
813,47,Female,North,45507.51,Gold,0.1,Both,32.12,3.55,1.66,15,7.61,1.6,0.082,6431.4
814,42,Female,South,37029.41,Silver,4.18,Mobile App,21.16,4.04,1.87,15,7.95,54.5,0.465,5633.76
815,31,Male,South,48958.72,Basic,1.65,Mobile App,29.43,1.67,1.27,13,6.45,41.8,0.287,4305.02
816,44,Female,East,46027.22,Gold,2.79,Both,20.55,3.93,1.78,14,8.89,76.5,0.339,6066.24
817,46,Female,North,48348.68,Silver,0.29,Website,31.78,2.49,2.88,13,7.95,18.8,0.306,5241.75
818,30,Female,North,75537.76,Basic,2.7,Mobile App,32.64,1.61,2.47,17,8.71,30.0,0.226,6341.93
819,33,Female,East,41156.71,Basic,1.01,Mobile App,15.7,0.73,1.78,20,7.17,1.2,0.236,5342.34
820,18,Male,South,99434.86,Basic,3.37,Website,29.58,0.93,1.2,21,7.92,96.2,0.049,6368.77
821,26,Male,East,34071.93,Basic,1.11,Mobile App,26.94,8.3,3.38,10,7.32,1.9,0.479,4827.9
822,30,Female,North,95358.68,Gold,1.53,Mobile App,32.9,2.41,1.31,16,9.49,29.6,0.161,7607.28
823,39,Male,North,37957.46,Gold,1.65,Website,35.48,3.97,0.58,20,7.75,3.0,0.384,6378.75
824,28,Female,North,54157.15,Gold,17.88,Mobile App,32.3,2.66,2.14,15,7.61,93.1,0.201,8479.38
825,32,Female,South,45635.05,Basic,6.32,Website,25.27,8.44,0.32,16,7.0,71.1,0.066,5740.17
826,25,Male,South,48035.47,Gold,0.1,Mobile App,36.4,1.62,2.4,16,6.93,3.2,0.454,6592.83
827,40,Female,West,71716.42,Gold,1.31,Mobile App,20.14,3.22,2.53,14,7.91,3.4,0.375,6978.49
828,43,Male,South,91577.36,Basic,6.95,Mobile App,16.12,2.08,1.12,13,8.67,6.9,0.184,6463.46
829,42,Female,East,82181.35,Silver,2.75,Mobile App,5.0,6.0,1.27,19,6.71,67.0,0.292,6362.51
830,38,Male,East,47018.68,Silver,4.1,Mobile App,27.37,3.94,3.73,13,7.76,6.9,0.615,6131.01
831,21,Female,North,57785.28,Silver,0.79,Mobile App,20.61,3.13,7.25,10,7.84,22.4,0.095,5331.41
832,31,Female,South,41203.26,Basic,0.3,Both,31.58,1.05,1.95,8,8.07,23.8,0.361,4810.35
833,34,Male,South,38290.51,Silver,0.94,Both,10.26,10.9,1.14,13,5.38,0.5,0.112,5572.0
834,34,Female,South,36271.76,Basic,10.16,Mobile App,22.18,2.71,2.55,14,6.4,4.5,0.038,5307.65
835,39,Female,North,46483.34,Basic,2.62,Website,32.23,1.4,1.72,15,5.82,20.6,0.153,4813.86
836,54,Female,West,59122.21,Basic,1.73,Website,18.73,0.73,2.42,13,7.64,7.0,0.135,4665.13
837,47,Female,West,27746.49,Platinum,3.18,Both,31.68,0.9,2.15,17,6.43,6.2,0.48,7215.41
838,27,Female,North,53304.51,Basic,3.62,Mobile App,22.99,3.11,2.19,19,6.95,1.0,0.186,6124.07
839,45,Male,East,92098.03,Silver,3.64,Mobile App,27.7,6.07,0.2,14,6.05,8.2,0.207,7046.01
840,45,Female,East,80231.29,Basic,1.32,Mobile App,33.36,3.76,1.26,15,7.08,11.1,0.245,6476.32
841,29,Male,South,,Platinum,15.78,Mobile App,36.58,0.78,1.16,16,6.14,0.9,0.337,8302.77
842,47,Female,West,33226.22,Silver,0.8,Mobile App,28.83,3.11,1.14,23,8.59,21.0,0.436,6132.38
843,36,Female,East,63636.38,Platinum,6.67,Both,20.67,7.3,3.04,6,8.22,14.9,0.09,7989.21
844,22,Male,West,,Basic,1.76,Both,23.88,2.35,0.64,15,7.8,3.6,0.403,4533.78
845,43,Male,West,79901.82,Basic,2.77,Mobile App,33.73,3.77,0.21,11,7.21,25.6,0.409,5863.52
846,40,Female,North,50274.05,Silver,3.15,Website,18.81,2.43,1.12,11,4.95,38.0,0.433,5613.1
847,35,Male,South,102842.62,Basic,0.57,Mobile App,26.4,4.36,0.92,20,7.0,18.5,0.386,6380.82
848,38,Female,East,29600.96,Gold,1.05,Website,24.53,1.6,1.96,17,6.61,5.1,0.07,5396.44
849,30,Male,North,74708.65,Platinum,3.42,Website,27.07,0.05,0.92,12,7.92,25.6,0.328,7491.36
850,45,Female,South,52303.67,Silver,5.43,Mobile App,18.92,1.11,1.52,10,8.41,26.2,0.395,5739.93
851,38,Male,West,48249.09,Platinum,2.82,Both,11.33,2.12,1.34,13,8.02,2.6,0.324,7275.98
852,40,Male,North,33542.04,Silver,7.77,Both,32.69,2.88,4.59,19,9.24,4.4,0.052,6988.68
853,42,Female,South,66736.8,Basic,1.91,Website,36.68,2.19,0.94,10,6.86,0.4,0.132,5239.44
854,25,Female,West,68641.19,Silver,1.49,Website,11.87,2.16,2.91,19,6.81,3.6,0.175,6092.97
855,28,Male,South,101194.0,Basic,5.61,Website,31.32,6.1,1.77,17,8.95,5.4,0.603,7130.85
856,18,Male,South,77096.84,Gold,0.14,Mobile App,37.75,1.28,3.79,12,7.82,13.6,0.446,6559.86
857,44,Female,West,44008.44,Basic,5.4,Mobile App,33.36,3.12,5.59,17,7.28,79.3,0.399,6545.19
858,25,Female,South,38125.86,Basic,0.94,Website,24.25,0.83,1.74,13,,6.2,0.263,5205.68
859,39,Male,North,33557.91,Silver,3.09,Mobile App,19.51,4.99,0.33,9,8.35,18.8,0.445,5092.96
860,42,Female,North,90728.66,Basic,0.1,Both,28.73,3.69,0.65,9,7.35,38.2,0.413,5990.79
861,45,Female,West,41259.6,Basic,1.26,Mobile App,30.23,10.76,0.5,16,6.71,0.1,0.351,5860.35
862,25,Female,North,90951.39,Gold,9.16,Mobile App,28.86,1.23,1.27,17,9.32,47.8,0.579,8378.27
863,37,Female,South,65106.21,Basic,3.83,Mobile App,26.38,8.7,1.1,11,7.87,8.2,0.457,6493.76
864,56,Female,North,60807.35,Silver,1.07,Both,18.26,1.39,2.23,8,7.63,21.2,0.475,6194.78
865,57,Male,South,48659.2,Basic,0.63,Mobile App,31.8,2.33,3.58,14,8.48,52.5,0.26,5290.51
866,49,Female,West,68270.67,Basic,1.64,Mobile App,32.24,0.96,0.29,15,8.74,4.8,0.66,6494.76
867,42,Female,South,53883.8,Basic,0.76,Mobile App,29.81,10.67,1.88,15,8.31,10.4,0.71,6584.9
868,27,Female,West,47608.92,Gold,6.9,Website,29.0,4.09,0.97,8,8.75,1.7,0.177,6194.13
869,46,Male,North,69120.16,Platinum,3.32,Both,43.11,4.12,1.93,15,8.19,26.2,0.046,7662.39
870,36,Male,South,51514.04,Basic,3.26,Mobile App,22.38,1.5,1.27,13,8.32,18.2,0.499,5656.55
871,44,Female,West,40969.49,Platinum,7.33,Both,39.53,0.26,3.16,18,6.65,18.4,0.361,8017.32
872,31,Male,South,66832.14,Silver,3.19,Mobile App,21.39,2.26,0.69,9,9.95,15.3,0.117,5736.58
873,36,Female,North,52976.57,Silver,16.14,Website,37.98,1.94,1.02,14,6.0,3.7,0.093,6543.36
874,40,Male,West,64287.37,Gold,1.42,Mobile App,39.1,0.51,1.65,16,8.0,5.2,0.272,7152.74
875,41,Female,South,46219.13,Gold,3.03,Website,25.36,2.38,1.39,19,5.86,41.1,0.174,5964.82
876,43,Female,East,35482.95,Gold,0.87,Website,42.95,3.13,1.64,17,7.47,18.8,0.276,5850.66
877,32,Male,West,99436.64,Silver,2.51,Website,32.22,4.29,0.38,13,6.86,45.7,0.443,6211.57
878,23,Male,North,93089.25,Silver,1.81,Mobile App,20.1,0.32,5.01,14,7.78,11.3,0.053,6434.55
879,56,Female,South,73815.55,Basic,0.63,Both,24.63,1.02,1.19,9,8.04,58.3,0.031,5223.41
880,65,Female,North,47300.03,Basic,1.01,Both,38.19,1.55,0.74,22,6.36,17.5,0.235,5798.43
881,43,Male,South,48770.88,Gold,1.42,Website,36.31,6.28,1.68,10,7.56,11.8,0.198,6078.59
882,23,Female,North,87887.65,Basic,2.28,Website,18.48,6.2,1.89,14,9.41,10.7,0.384,6616.41
883,29,Female,East,47865.94,Basic,3.87,Both,26.75,3.94,6.57,14,5.89,26.3,0.104,5500.62
884,44,Male,North,43416.96,Basic,1.34,Mobile App,29.83,2.34,4.0,17,6.49,0.5,0.345,5359.24
885,53,Male,East,104326.65,Basic,0.82,Both,23.43,6.54,1.36,12,8.72,26.4,0.337,6987.04
886,25,Male,North,53279.81,Silver,6.33,Mobile App,49.22,3.6,5.78,16,7.7,1.8,0.461,7283.33
887,37,Male,South,100604.16,Silver,8.89,Both,30.1,6.3,5.02,17,7.8,31.5,0.474,8296.16
888,40,Male,South,33208.56,Silver,1.94,Mobile App,27.44,4.07,0.75,15,8.93,76.8,0.167,4996.34
889,48,Male,East,64949.46,Basic,1.94,Mobile App,38.72,0.6,7.62,9,6.57,9.4,0.303,5266.21
890,34,Female,South,111846.08,Silver,0.2,Website,24.71,0.26,1.21,23,6.92,16.7,0.158,6725.86
891,21,Male,South,54743.44,Silver,1.02,Website,37.07,2.16,2.07,10,6.76,62.6,0.248,5138.11
892,45,Female,West,49394.7,Gold,0.91,Both,12.99,5.41,4.49,14,7.15,4.1,0.184,6524.82
893,50,Male,East,36000.45,Silver,2.68,Both,23.92,1.92,0.29,12,9.34,96.0,0.389,5498.98
894,37,Male,North,79127.84,Silver,0.44,Mobile App,37.44,7.38,1.64,15,5.39,52.6,0.748,6702.48
895,42,Female,West,41375.95,Silver,1.29,Mobile App,42.13,5.08,2.33,14,6.05,9.4,0.057,5326.2
896,33,Female,South,52408.13,Platinum,4.12,Mobile App,21.04,6.96,3.9,12,5.82,18.9,0.438,7421.25
897,29,Male,North,35169.14,Gold,3.6,Website,19.99,2.21,1.82,4,9.42,17.6,0.303,5362.71
898,49,Male,South,93424.89,Silver,1.14,Website,33.11,1.32,0.3,18,6.8,46.5,0.374,6653.44
899,42,Male,North,81162.6,Silver,0.46,Both,22.39,1.15,6.54,11,7.18,13.9,0.137,5935.53
900,43,Female,North,53580.76,Basic,1.24,Both,25.58,4.34,1.87,18,5.5,23.6,0.05,5366.42
901,55,Male,East,36172.26,Platinum,2.28,Mobile App,35.89,0.65,2.4,14,7.26,3.4,0.168,7402.42
902,26,Male,North,92741.14,Basic,2.47,Website,23.1,0.7,0.43,9,8.73,29.4,0.154,5883.17
903,32,Male,West,47663.63,Basic,0.31,Website,10.31,1.82,4.86,17,7.93,8.0,0.524,4946.88
904,40,Female,West,36797.25,Platinum,1.49,Website,16.29,3.51,1.22,18,7.46,16.7,0.351,7194.58
905,32,Female,East,29239.0,Gold,5.96,Mobile App,28.09,1.57,0.97,19,5.57,20.1,0.248,5852.04
906,47,Female,East,43213.67,Basic,9.27,Mobile App,11.23,6.21,4.12,11,7.17,0.7,0.265,5800.75
907,36,Female,East,32561.2,Basic,9.5,Mobile App,25.33,7.03,0.48,11,7.79,7.3,0.579,5983.35
908,27,Male,West,43565.15,Basic,0.28,Mobile App,15.47,0.13,2.42,21,6.31,54.9,0.287,4769.62
909,39,Male,South,70301.12,Silver,8.42,Both,42.76,4.12,0.94,15,8.45,12.7,0.406,7427.73
910,40,Male,North,47505.94,Basic,5.09,Mobile App,47.49,1.92,2.65,11,8.75,20.4,0.588,6172.84
911,48,Female,South,61358.73,Platinum,3.33,Website,18.48,5.57,3.19,12,6.91,2.1,0.42,7595.92
912,42,Female,East,42059.18,Platinum,2.11,Website,30.31,4.22,1.19,11,8.54,106.4,0.264,6518.32
913,43,Female,North,55426.28,Silver,0.88,Both,19.36,3.39,4.66,11,7.46,73.1,0.063,5519.58
914,42,Female,East,106118.88,Silver,2.86,Mobile App,25.22,2.71,1.87,14,9.09,17.2,0.129,7041.35
915,36,Female,North,47955.55,Basic,0.4,Mobile App,44.23,0.7,6.6,12,10.0,0.7,0.116,5275.49
916,30,Female,West,61978.96,Basic,0.2,Mobile App,23.8,11.77,4.16,12,6.18,44.1,0.361,5897.28
917,41,Male,North,31321.67,Gold,8.05,Mobile App,25.43,1.01,2.04,11,8.6,12.4,0.504,6538.11
918,34,Male,North,92229.67,Basic,0.89,Mobile App,19.52,8.76,2.03,16,9.3,7.3,0.226,6603.81
919,57,Male,North,45842.99,Basic,7.45,Both,38.32,4.8,0.54,20,6.34,17.7,0.121,6273.43
920,53,Female,North,78251.77,Basic,0.57,Mobile App,5.0,2.0,4.12,17,6.85,73.9,0.318,5613.9
921,45,Male,North,51890.29,Basic,0.96,Mobile App,24.01,1.77,1.09,14,6.84,10.3,0.317,5157.98
922,42,Female,North,67107.61,Silver,0.66,Mobile App,27.59,0.67,2.22,25,7.43,5.2,0.181,7019.21
923,37,Female,North,68518.18,Gold,1.74,Both,22.05,3.07,6.56,14,7.14,51.4,0.556,7590.86
924,24,Female,North,46242.1,Gold,6.22,Both,35.77,0.64,4.6,15,7.34,17.0,0.545,6374.5
925,36,Male,South,79393.14,Silver,7.53,Both,38.82,6.45,0.79,17,8.69,11.3,0.241,7588.81
926,39,Male,South,41537.64,Gold,2.14,Website,15.29,3.64,1.88,17,5.14,17.0,0.304,5867.88
927,41,Male,South,71130.89,Silver,3.55,Both,46.84,2.92,2.4,18,6.33,10.1,0.22,6622.0
928,43,Female,South,47260.41,Gold,0.33,Website,15.19,3.21,5.01,17,8.47,15.1,0.244,6319.88
929,48,Female,North,61227.11,Silver,0.3,Mobile App,39.6,3.74,4.49,11,8.32,34.4,0.272,6572.75
930,30,Female,North,46087.75,Basic,5.31,Website,29.35,2.3,2.89,22,6.22,5.2,0.111,5411.58
931,30,Male,North,55132.33,Platinum,1.67,Both,23.47,2.55,2.69,16,8.33,10.1,0.249,7524.97
932,54,Male,East,37192.31,Basic,4.54,Mobile App,24.32,9.38,1.85,8,9.32,35.1,0.414,6198.78
933,46,Male,West,59079.84,Basic,1.73,Website,27.7,6.03,2.35,20,7.54,11.6,0.1,5501.83
934,34,Female,West,55020.75,Basic,2.47,Website,29.88,4.66,1.52,10,6.29,33.5,0.076,4792.85
935,37,Female,South,44844.05,Silver,3.11,Website,19.72,2.0,3.41,6,8.74,3.2,0.345,4971.44
936,37,Male,East,53142.92,Silver,1.96,Mobile App,25.89,0.42,2.79,7,9.84,17.4,0.054,5468.25
937,38,Female,South,56777.85,Silver,1.61,Website,21.06,4.29,4.01,21,6.45,1.6,0.355,6413.74
938,43,Male,East,43663.82,Platinum,1.6,Both,17.06,3.2,3.93,12,7.65,18.6,0.253,6946.31
939,66,Female,East,51789.07,Basic,0.47,Mobile App,20.64,2.5,1.08,9,9.02,1.8,0.261,5187.55
940,40,Male,West,38103.32,Silver,3.87,Mobile App,17.65,2.82,0.14,8,7.75,12.6,0.267,4579.59
941,45,Male,West,123131.3,Basic,0.53,Mobile App,24.22,1.07,1.01,14,5.33,27.2,0.022,6379.71
942,19,Female,South,78487.25,Gold,0.75,Mobile App,31.89,1.37,2.33,15,8.18,17.7,0.262,6564.12
943,33,Male,East,59610.26,Basic,1.74,Both,29.09,6.03,1.52,15,6.33,25.9,0.12,5518.69
944,52,Male,West,81653.46,Basic,1.76,Website,45.77,0.3,1.46,16,5.95,14.1,0.329,6165.61
945,42,Male,South,27099.26,Silver,1.53,Mobile App,8.11,5.47,0.95,11,5.35,1.6,0.282,4619.93
946,18,Male,West,22132.71,Gold,5.58,Mobile App,32.22,7.6,2.59,9,9.15,67.4,0.207,6158.73
947,45,Female,North,47110.36,Gold,1.14,Both,28.06,4.23,0.31,17,6.51,1.2,0.195,6589.98
948,59,Female,West,33439.82,Silver,6.68,Mobile App,35.34,4.08,2.87,11,8.03,17.2,0.373,6178.79
949,18,Female,East,49870.66,Gold,2.84,Both,34.45,1.36,2.91,12,8.35,40.7,0.598,6628.11
950,55,Male,North,58219.74,Silver,2.61,Mobile App,26.52,1.55,3.95,12,7.81,4.2,0.403,5867.48
951,18,Female,East,74767.99,Basic,3.04,Mobile App,29.55,2.14,12.14,7,7.99,50.8,0.349,5870.43
952,48,Male,North,36373.93,Basic,0.75,Website,21.3,0.87,0.12,14,8.1,7.6,0.062,4755.75
953,38,Male,East,62309.6,Basic,2.94,Mobile App,33.52,1.45,2.82,25,7.78,1.4,0.235,6222.58
954,18,Male,West,54449.91,Basic,5.28,Website,11.09,3.2,3.24,9,6.61,0.2,0.408,4820.34
955,43,Female,East,61183.22,Silver,3.61,Mobile App,34.99,2.04,1.01,14,6.5,3.4,0.122,5740.0
956,51,Female,West,45165.09,Silver,0.31,Both,27.79,3.4,1.61,12,7.46,38.3,0.191,5393.33
957,42,Female,North,87912.5,Silver,1.52,Both,23.62,6.02,1.24,19,7.44,15.1,0.515,7692.06
958,44,Female,North,52248.79,Silver,0.1,Both,25.91,3.38,2.95,11,8.16,17.8,0.237,5849.28
959,33,Female,South,100807.07,Gold,1.43,Mobile App,26.57,4.12,4.26,7,9.03,14.4,0.588,6821.35
960,18,Female,North,41083.59,Gold,0.5,Both,39.68,0.63,0.62,9,8.05,19.2,0.686,6228.65
961,46,Female,South,70262.22,Basic,1.97,Both,57.1,5.95,2.62,8,6.55,3.7,0.46,6132.33
962,57,Male,North,53056.68,Basic,0.1,Mobile App,38.98,0.61,4.9,18,4.76,5.2,0.099,5520.47
963,50,Male,South,48304.99,Silver,8.73,Mobile App,22.91,1.92,1.08,22,6.6,41.5,0.564,6643.44
964,18,Male,South,67596.42,Silver,1.25,Both,33.67,1.12,0.85,14,5.85,6.3,0.081,5217.56
965,21,Female,West,48790.42,Basic,4.61,Mobile App,34.06,0.42,0.76,18,6.65,4.3,0.316,5554.78
966,29,Female,North,21339.44,Basic,0.8,Website,19.67,3.26,0.89,13,7.91,39.1,0.227,4144.44
967,20,Female,West,18545.75,Gold,4.07,Both,16.65,4.37,6.48,12,7.71,30.7,0.248,5820.07
968,38,Male,South,84571.09,Silver,1.37,Mobile App,27.43,7.73,7.53,11,10.0,38.4,0.374,6734.96
969,42,Female,South,83332.21,Basic,3.07,Website,35.27,3.61,5.35,11,8.23,1.9,0.112,5765.72
970,22,Male,South,104879.71,Silver,8.78,Website,13.49,1.44,1.49,18,10.0,2.9,0.471,7711.18
971,47,Male,South,53845.02,Platinum,3.49,Mobile App,21.51,2.0,5.5,17,8.53,21.8,0.158,7791.16
972,45,Male,North,34460.8,Basic,0.46,Both,33.15,0.5,0.72,14,9.01,16.1,0.291,5255.9
973,32,Male,South,46776.94,Gold,7.18,Mobile App,28.38,2.17,3.48,15,7.13,10.9,0.063,6244.51
974,36,Female,North,54393.43,Basic,4.23,Mobile App,40.75,2.89,1.17,12,6.2,25.9,0.169,5342.86
975,18,Male,South,38083.51,Silver,6.28,Both,15.3,4.24,0.62,9,7.02,52.0,0.118,4766.94
976,34,Female,East,,Silver,7.28,Mobile App,49.17,5.06,2.56,18,7.58,26.0,0.17,8052.87
977,38,Male,South,118637.27,Basic,0.97,Both,14.16,4.14,2.6,10,6.78,68.4,0.2,5820.37
978,40,Male,West,64048.65,Platinum,1.28,Mobile App,9.74,1.31,2.8,14,6.3,7.1,0.167,7032.43
979,42,Female,North,53970.76,Silver,4.59,Website,27.47,1.0,3.05,12,8.14,5.3,0.267,6049.64
980,41,Male,West,34432.69,Platinum,0.18,Mobile App,17.79,4.81,2.46,16,6.29,3.8,0.038,6767.32
981,35,Female,West,93083.47,Basic,1.21,Website,27.65,0.4,1.74,12,5.61,36.8,0.309,5706.49
982,41,Female,West,55642.77,Gold,1.38,Both,27.34,10.22,2.01,15,6.14,56.0,0.146,6739.02
983,49,Female,West,48961.64,Platinum,6.45,Both,26.24,1.57,3.51,15,7.3,26.3,0.434,7447.16
984,37,Male,North,64113.54,Silver,9.12,Both,20.42,6.51,2.39,11,6.31,1.5,0.194,6794.15
985,41,Male,East,44134.67,Basic,0.51,Website,31.89,1.82,1.28,17,7.3,6.1,0.327,5146.62
986,36,Female,North,57034.2,Gold,2.2,Both,25.14,4.44,0.99,14,8.38,0.6,0.115,6547.67
987,31,Male,West,32700.2,Silver,4.2,Website,37.93,1.03,2.0,16,8.35,87.7,0.386,5737.25
988,44,Male,East,79259.34,Platinum,1.34,Both,26.38,3.02,4.88,12,6.74,9.9,0.164,7609.61
989,32,Male,North,52232.29,Silver,2.43,Website,19.32,0.54,3.08,10,5.9,2.5,0.256,4874.04
990,42,Female,West,81273.91,Basic,0.83,Both,12.81,3.75,5.07,16,6.85,24.2,0.331,6360.97
991,38,Female,North,50493.62,Basic,4.65,Mobile App,26.45,1.01,1.47,14,8.45,6.4,0.539,5839.9
992,35,Female,East,51654.37,Gold,4.54,Website,16.58,1.17,2.25,10,8.76,70.3,0.181,5596.15
993,34,Female,East,35443.28,Platinum,1.8,Both,15.85,2.09,2.52,22,8.06,24.2,0.125,6848.23
994,32,Male,North,70679.79,Basic,1.38,Mobile App,32.75,2.44,3.63,13,9.16,27.2,0.268,5752.86
995,20,Female,East,39873.05,Gold,0.99,Mobile App,12.0,4.24,1.47,13,9.85,19.0,0.159,5620.72
996,42,Male,West,45695.37,Platinum,0.24,Both,40.71,3.95,3.08,13,6.97,3.9,0.47,7514.58
997,41,Female,North,54196.22,Basic,2.59,Mobile App,29.44,3.26,4.69,20,9.53,2.0,0.073,6025.5
998,47,Male,South,56524.44,Basic,6.65,Mobile App,27.61,5.45,1.82,21,7.26,12.4,0.314,6043.39
999,32,Female,North,29817.96,Gold,0.42,Mobile App,18.69,3.87,0.88,10,8.93,61.9,0.265,5486.3
1000,59,Male,East,49971.99,Silver,1.69,Mobile App,34.88,4.07,4.8,20,8.52,0.3,0.329,6540.34
1001,34,Male,North,71562.79,Basic,6.83,Website,27.97,1.16,3.29,19,5.03,94.0,0.23,5831.6
1002,28,Male,West,47457.11,Gold,5.38,Both,21.83,5.74,0.48,10,6.34,22.2,0.136,6336.77
1003,27,Male,West,50078.34,Silver,4.15,Both,29.8,5.27,1.85,25,6.01,6.8,0.166,6542.43
1004,19,Male,North,57345.07,Platinum,0.1,Website,12.85,3.38,6.75,8,5.28,28.5,,6486.21
1005,55,Female,South,51839.82,Platinum,3.6,Website,13.28,5.14,2.89,14,8.74,7.8,0.256,7334.54
1006,53,Male,East,37771.86,Gold,1.13,Mobile App,17.92,2.85,1.99,14,10.0,2.4,0.195,6354.93
1007,45,Female,East,53491.54,Silver,4.59,Both,31.15,7.99,0.78,9,7.27,11.9,0.267,6071.33
1008,28,Male,South,76720.61,Basic,0.81,Mobile App,27.97,3.16,0.77,12,8.71,6.7,0.183,5578.6
1009,58,Female,North,37499.71,Silver,0.1,Mobile App,37.44,2.78,3.47,18,9.53,72.3,0.219,5728.7
1010,34,Male,North,47521.21,Basic,2.24,Both,19.72,3.89,0.84,15,7.87,7.6,0.407,5397.23
1011,35,Female,West,33403.94,Gold,1.09,Both,33.17,9.1,2.53,9,7.57,8.0,0.101,5930.61
1012,54,Female,South,75318.7,Basic,2.82,Mobile App,26.98,1.86,1.81,12,7.28,9.4,0.32,5494.76
1013,45,Male,West,52453.1,Silver,1.04,Website,19.51,3.71,2.42,15,8.3,24.1,0.436,5749.88
1014,62,Female,South,40232.49,Basic,4.79,Website,31.47,1.98,1.69,11,8.74,21.0,0.101,5005.48
1015,41,Male,West,55954.43,Basic,2.21,Mobile App,27.41,2.78,2.8,13,8.2,54.3,0.195,5376.77
1016,34,Male,North,35551.58,Basic,0.94,Mobile App,22.34,1.44,3.93,14,8.16,30.2,0.28,4607.63
1017,31,Female,North,37732.48,Silver,4.04,Mobile App,28.38,4.0,1.71,9,7.53,2.0,0.732,6119.0
1018,18,Female,West,32498.63,Gold,7.62,Website,26.83,2.96,3.68,14,5.53,63.5,0.045,6051.64
1019,35,Male,West,37295.47,Basic,7.29,Mobile App,26.62,5.07,5.23,5,8.77,1.8,0.048,5595.69
1020,51,Male,South,87122.3,Gold,12.18,Website,24.29,6.04,2.52,9,5.93,3.9,0.554,8270.1
1021,45,Female,South,41915.4,Gold,3.77,Mobile App,16.26,6.66,3.4,11,8.41,3.7,0.295,6383.5
1022,38,Female,South,63778.97,Basic,3.03,Both,28.67,2.04,0.63,13,8.58,46.3,0.095,5371.81
1023,27,Female,South,40428.67,Gold,0.25,Website,20.78,3.9,1.74,14,6.12,41.4,0.173,5344.96
1024,40,Female,North,70674.27,Silver,0.81,Both,18.82,6.95,0.42,14,6.81,35.1,0.431,6272.78
1025,49,Female,West,37830.51,Basic,1.16,Mobile App,25.83,1.43,1.26,18,10.0,92.5,0.089,4614.46
1026,43,Male,North,54925.32,Silver,2.47,Website,34.61,3.2,1.76,16,7.5,3.3,0.247,6232.7
1027,40,Female,East,55187.84,Basic,5.53,Both,29.67,1.51,7.16,12,6.01,0.3,0.152,5696.62
1028,29,Male,North,122361.11,Platinum,1.95,Mobile App,23.22,9.02,1.01,20,8.64,2.2,0.118,9038.61
1029,48,Female,North,67551.72,Platinum,0.92,Mobile App,22.86,6.9,1.92,18,6.6,6.1,0.153,7761.43
1030,18,Male,East,44023.71,Gold,1.6,Mobile App,33.72,4.38,0.85,17,5.1,24.8,0.323,5984.6
1031,42,Female,South,68855.62,Silver,0.12,Mobile App,6.43,4.33,1.64,11,8.28,27.6,0.209,5472.87
1032,66,Female,East,,Silver,0.97,Mobile App,35.18,1.64,2.83,15,6.41,0.4,0.417,7366.48
1033,21,Female,North,30626.7,Platinum,0.14,Mobile App,11.13,7.44,3.18,12,8.02,38.2,0.451,7090.72
1034,35,Female,West,40341.31,Basic,2.33,Mobile App,15.26,2.35,1.46,23,6.54,32.1,0.383,5112.69
1035,38,Male,East,49865.56,Basic,8.39,Website,23.37,1.78,1.14,11,8.52,7.0,0.284,5511.51
1036,33,Female,West,46817.82,Silver,1.74,Mobile App,47.53,6.26,5.71,13,7.84,60.5,0.313,5931.98
1037,49,Male,North,48220.29,Basic,4.49,Mobile App,43.1,2.18,1.37,17,4.23,38.6,0.15,5803.34
1038,43,Male,South,34321.21,Basic,3.73,Website,34.36,1.84,0.19,14,8.1,8.0,0.599,5112.45
1039,40,Male,South,88555.49,Basic,3.1,Mobile App,31.21,5.27,4.71,15,7.22,1.7,0.339,6562.41
1040,47,Male,East,32928.28,Silver,5.75,Mobile App,11.24,1.08,0.26,21,9.44,13.2,0.305,6259.49
1041,38,Male,South,50509.94,Basic,2.7,Mobile App,29.41,4.41,4.71,12,8.11,19.3,0.189,5768.56
1042,73,Female,North,78123.07,Basic,3.12,Mobile App,23.06,3.23,0.43,10,8.58,3.1,0.57,6823.96
1043,40,Female,South,53607.02,Basic,1.33,Website,20.65,4.97,0.54,12,6.68,12.3,0.198,4433.13
1044,40,Female,North,38453.77,Silver,4.35,Mobile App,29.39,4.08,0.7,18,6.57,43.7,0.449,6215.45
1045,19,Male,South,33791.46,Platinum,0.68,Mobile App,23.76,12.77,1.28,13,7.57,17.7,0.359,7147.18
1046,32,Male,North,49986.1,Basic,4.0,Both,35.82,3.45,4.75,19,7.13,41.3,0.356,6198.89
1047,51,Male,North,41566.08,Gold,12.31,Both,10.58,2.18,0.72,11,9.34,9.2,0.14,6862.01
1048,23,Female,East,58211.07,Gold,0.97,Mobile App,28.68,2.98,2.82,16,7.4,44.5,0.064,6501.99
1049,18,Female,South,33173.02,Basic,4.34,Mobile App,20.09,4.05,2.37,13,6.01,9.1,0.514,5305.86
1050,38,Male,South,72010.16,Gold,4.51,Website,24.31,8.69,2.07,11,6.52,42.6,0.683,7241.82
1051,53,Female,East,56412.29,Gold,0.24,Both,30.74,4.61,4.14,12,8.85,21.2,0.228,6721.57
1052,38,Male,East,57898.27,Silver,3.59,Both,17.94,1.57,2.2,6,7.38,2.5,0.171,5872.61
1053,34,Male,South,89713.53,Basic,2.29,Mobile App,29.48,20.0,2.34,20,7.31,10.7,0.351,7663.68
1054,18,Male,East,46479.73,Basic,2.03,Mobile App,26.09,5.88,3.38,15,8.98,37.2,0.327,5199.22
1055,43,Male,West,42022.66,Platinum,6.67,Mobile App,22.05,1.49,1.32,11,6.41,6.1,0.529,7086.33
1056,45,Female,East,44724.77,Gold,1.23,Both,23.76,1.17,1.94,14,4.69,38.3,0.119,5557.27
1057,18,Female,West,50646.01,Platinum,12.33,Both,26.61,0.98,2.52,12,6.49,2.5,0.235,8083.65
1058,50,Male,West,52478.68,Platinum,2.28,Mobile App,21.09,2.86,3.85,12,7.91,2.5,0.216,7026.82
1059,46,Female,North,40508.04,Basic,0.26,Website,28.06,2.95,1.74,15,7.28,14.1,0.049,4948.54
1060,50,Female,South,26686.69,Gold,0.31,Mobile App,25.5,1.75,1.91,16,5.57,24.5,0.084,4852.3
1061,44,Female,East,44519.16,Silver,5.52,Website,22.5,0.85,2.77,15,8.92,42.3,0.166,5957.13
1062,45,Female,West,61447.53,Gold,4.65,Both,42.31,1.19,1.77,15,7.81,31.7,0.46,7191.77
1063,44,Male,South,56822.66,Basic,3.85,Website,31.74,4.68,1.03,7,8.11,28.6,0.231,5037.47
1064,48,Female,North,82441.49,Basic,0.29,Mobile App,24.56,2.38,3.38,11,8.15,26.3,0.427,6569.45
1065,18,Male,East,107411.26,Gold,3.23,Website,29.31,1.31,2.21,17,5.91,7.7,0.3,7519.88
1066,21,Female,North,70669.32,Gold,17.68,Mobile App,18.76,3.22,1.41,7,7.99,42.0,0.509,7547.28
1067,30,Male,East,87893.6,Silver,4.59,Both,24.07,3.68,0.69,17,8.78,9.8,0.013,6796.94
1068,37,Female,South,70853.6,Basic,0.92,Mobile App,25.12,3.97,0.26,11,9.08,15.4,0.103,6110.93
1069,42,Male,East,98564.33,Basic,4.79,Both,16.78,3.14,2.88,24,8.54,39.1,0.465,7977.86
1070,42,Male,West,103548.85,Platinum,0.23,Mobile App,31.49,2.79,1.01,15,8.27,5.1,0.271,8500.57
1071,50,Female,East,75577.04,Silver,1.17,Mobile App,23.45,6.61,0.4,16,5.34,10.0,0.369,5934.7
1072,51,Female,East,69371.61,Silver,7.63,Mobile App,24.8,1.24,0.9,11,7.58,8.3,0.283,6752.01
1073,28,Male,East,50421.29,Silver,4.95,Mobile App,22.88,2.52,2.51,10,6.36,153.0,0.36,4965.37
1074,41,Female,West,53398.18,Silver,4.81,Mobile App,54.63,0.48,1.0,12,9.27,30.7,0.361,6678.28
1075,29,Female,West,48134.62,Silver,3.38,Website,22.04,2.27,2.55,11,9.07,8.0,0.343,5354.33
1076,36,Male,North,67335.18,Silver,6.49,Mobile App,9.38,3.39,1.2,18,6.36,4.9,0.122,6434.9
1077,42,Female,East,42103.16,Gold,1.1,Mobile App,13.6,5.23,1.93,14,7.54,6.4,0.076,5724.57
1078,18,Female,North,50671.19,Platinum,8.84,Mobile App,34.83,0.5,2.06,13,7.92,37.5,0.09,7418.89
1079,65,Female,West,23758.38,Platinum,4.97,Mobile App,40.03,3.32,3.25,13,8.77,11.0,0.434,7718.07
1080,44,Male,East,99020.43,Silver,0.28,Both,21.86,9.53,3.32,19,5.42,5.7,0.451,7065.08
1081,31,Male,South,50153.01,Silver,5.37,Both,39.51,4.18,1.98,12,4.73,42.0,0.51,6514.98
1082,59,Female,North,,Gold,2.68,Mobile App,34.67,1.04,0.81,17,,16.6,0.205,6659.1
1083,34,Female,South,90239.75,Gold,2.62,Both,26.29,2.28,4.46,11,4.31,35.4,0.423,6470.58
1084,39,Female,East,60180.44,Silver,5.45,Both,25.66,4.28,1.38,17,7.81,38.9,0.722,7129.9
1085,33,Female,North,89816.17,Gold,1.42,Both,29.63,1.81,2.43,10,8.37,16.8,0.589,7634.04
1086,56,Female,North,35080.19,Gold,0.25,Mobile App,35.9,3.6,2.51,10,9.21,47.1,0.15,5851.15
1087,37,Female,West,125377.17,Gold,10.37,Mobile App,31.58,3.45,1.43,12,6.79,7.3,0.177,8167.24
1088,40,Female,East,79259.98,Gold,10.37,Website,21.91,2.83,0.43,9,7.81,0.8,0.192,6841.61
1089,51,Female,North,58292.04,Basic,4.78,Both,26.43,0.94,0.34,17,8.45,11.0,0.097,5737.14
1090,44,Male,South,89212.62,Silver,4.94,Both,45.83,1.66,1.52,10,6.07,12.4,0.243,6621.53
1091,37,Male,West,,Silver,5.17,Website,30.26,10.16,0.74,9,8.79,24.8,0.196,5675.74
1092,50,Female,East,48971.06,Basic,15.76,Mobile App,35.82,2.16,3.84,13,7.96,18.2,0.174,6910.5
1093,66,Male,East,89813.24,Gold,0.29,Both,32.86,2.37,1.47,19,6.81,53.0,0.785,7864.08
1094,41,Male,South,28184.54,Silver,0.17,Both,30.46,2.36,1.32,16,7.78,64.7,0.235,5212.42
1095,39,Female,South,65917.56,Basic,1.02,Mobile App,28.98,5.14,6.65,15,7.42,21.8,0.689,6244.02
1096,40,Male,North,65268.29,Gold,2.89,Website,36.08,2.46,0.13,12,8.61,46.7,0.257,6268.39
1097,52,Male,East,107929.02,Gold,4.6,Mobile App,34.47,2.88,1.91,14,7.13,70.1,0.309,7751.53
1098,31,Female,North,,Gold,2.35,Website,30.38,3.32,0.28,16,7.9,22.7,0.338,5975.99
1099,35,Female,North,,Silver,3.58,Website,21.76,5.54,4.79,10,6.79,11.9,0.249,6682.37
1100,21,Male,East,44541.88,Gold,1.91,Both,31.47,2.89,0.39,18,6.38,40.0,0.157,5847.56
1101,25,Male,West,46330.08,Silver,2.06,Both,27.4,3.12,2.59,14,,47.6,0.145,5606.19
1102,32,Male,East,35323.31,Silver,1.47,Mobile App,25.23,1.89,2.31,13,6.43,54.1,0.133,4485.86
1103,37,Female,South,37021.41,Basic,2.98,Mobile App,52.11,3.66,0.27,12,8.64,2.4,0.601,5667.59
1104,57,Female,South,62394.53,Silver,0.43,Mobile App,14.15,4.42,2.6,7,8.37,17.1,0.144,5636.37
1105,44,Male,South,36705.57,Gold,0.27,Mobile App,36.63,4.63,1.2,9,6.61,14.2,0.58,5535.89
1106,28,Female,South,70199.71,Silver,2.22,Mobile App,20.24,9.16,3.0,14,7.88,35.9,0.483,6843.59
1107,30,Male,East,42957.3,Silver,1.4,Mobile App,29.18,1.56,1.13,12,6.6,17.0,0.33,4795.66
1108,53,Male,South,35434.39,Gold,1.41,Mobile App,51.12,2.98,2.61,22,5.51,71.3,0.128,5833.44
1109,50,Female,East,45038.22,Gold,7.42,Mobile App,19.34,2.48,1.76,14,6.82,54.4,0.172,5962.07
1110,38,Male,West,60952.34,Basic,17.67,Mobile App,21.49,8.12,2.61,11,7.53,0.3,0.214,7167.15
1111,33,Male,West,49164.46,Platinum,3.07,Both,27.84,4.75,2.96,9,8.28,26.6,0.399,7449.45
1112,50,Male,North,54828.95,Gold,0.56,Mobile App,20.38,0.69,1.6,14,7.79,14.6,0.381,6545.16
1113,27,Female,South,69125.06,Platinum,4.9,Website,35.96,1.76,1.39,9,8.78,8.1,0.032,7481.2
1114,42,Female,North,79130.01,Platinum,2.62,Both,23.19,2.25,2.9,13,6.32,36.2,0.192,7876.87
1115,63,Female,South,48604.27,Platinum,4.55,Website,33.89,0.8,1.21,14,7.11,12.6,0.188,6876.36
1116,40,Male,South,37591.09,Gold,3.22,Mobile App,16.04,3.15,1.63,15,9.74,13.6,0.192,5875.2
1117,29,Male,North,55638.63,Silver,0.37,Mobile App,11.74,1.95,5.46,10,5.09,14.8,0.489,5424.47
1118,43,Female,East,63877.81,Basic,3.4,Website,25.94,9.42,1.93,16,,35.8,0.239,6442.22
1119,33,Male,South,32491.9,Silver,3.31,Website,13.88,3.64,3.32,18,6.21,15.9,0.083,4732.35
1120,23,Female,West,39667.48,Gold,11.6,Mobile App,41.66,2.19,1.05,18,7.35,1.3,0.422,7712.6
1121,46,Female,North,42120.28,Silver,7.66,Mobile App,14.23,1.31,2.58,16,7.04,36.8,0.264,5490.73
1122,50,Male,North,50375.6,Gold,13.92,Website,18.66,2.79,1.67,22,8.38,25.4,0.538,8114.75
1123,35,Female,South,41507.86,Basic,9.13,Mobile App,31.72,7.67,1.42,19,7.93,3.6,0.332,6574.33
1124,34,Male,North,69387.66,Silver,0.39,Website,22.72,2.5,0.24,10,5.9,9.2,0.271,5183.82
1125,27,Male,North,30890.48,Silver,0.21,Mobile App,14.33,2.81,0.75,12,6.84,17.1,0.141,4564.6
1126,36,Female,West,31166.48,Silver,6.69,Mobile App,46.36,6.05,6.95,18,7.6,37.7,0.496,6648.09
1127,32,Female,North,48201.19,Basic,4.87,Both,18.99,3.56,1.74,17,8.56,6.7,0.357,6189.22
1128,27,Female,North,50946.0,Basic,0.31,Mobile App,26.23,5.08,1.94,18,10.0,71.4,0.217,5719.72
1129,59,Female,East,32561.13,Gold,0.46,Website,26.12,3.82,3.77,17,8.51,6.4,,6456.61
1130,43,Female,South,,Silver,4.05,Mobile App,34.39,3.67,2.4,13,6.28,5.4,0.03,5934.02
1131,44,Female,East,47081.46,Basic,1.9,Mobile App,32.16,0.66,1.41,6,7.48,67.3,0.217,4563.61
1132,48,Female,South,47209.28,Basic,4.36,Both,20.56,1.15,1.42,10,7.84,57.0,0.392,4913.84
1133,46,Male,West,57134.22,Silver,1.37,Mobile App,25.07,3.3,0.69,17,6.92,6.9,0.303,5618.43
1134,33,Female,North,42978.16,Basic,0.92,Mobile App,25.96,1.41,2.75,11,8.21,22.5,0.299,5425.51
1135,41,Female,South,90875.23,Gold,10.47,Both,34.74,2.8,2.83,14,4.65,37.0,0.342,8174.59
1136,35,Male,East,64271.5,Gold,1.27,Both,17.49,1.06,1.96,16,8.32,0.6,0.412,6871.61
1137,43,Male,West,40843.8,Basic,7.67,Website,46.16,6.08,1.7,14,6.98,16.2,0.332,5990.61
1138,42,Male,South,55998.43,Silver,1.24,Mobile App,21.17,1.56,2.85,11,7.46,33.2,0.314,5519.66
1139,34,Male,East,56579.69,Basic,0.1,Mobile App,27.92,1.3,0.67,12,9.51,82.2,0.252,5307.99
1140,23,Female,North,82880.29,Basic,0.1,Website,17.56,0.85,2.5,15,5.96,27.0,0.185,5074.2
1141,40,Male,North,43908.63,Platinum,2.26,Mobile App,16.32,4.6,5.67,13,7.95,4.3,0.504,7495.43
1142,36,Female,North,70867.59,Silver,3.85,Mobile App,20.13,2.79,1.08,19,8.63,0.1,0.219,6433.85
1143,18,Female,East,54975.84,Platinum,0.34,Both,19.27,5.94,1.57,13,7.82,3.5,0.15,7040.86
1144,44,Female,South,91312.99,Basic,1.52,Mobile App,24.27,1.9,4.65,11,5.5,37.9,0.178,5989.31
1145,49,Male,East,85119.55,Basic,1.79,Mobile App,19.19,1.13,1.96,11,9.36,21.2,0.146,6038.6
1146,66,Male,North,58043.2,Silver,1.76,Mobile App,34.26,2.7,3.52,15,7.33,17.7,0.283,6327.09
1147,34,Female,West,49424.48,Silver,5.01,Mobile App,20.95,6.73,2.61,20,6.91,45.1,0.136,5578.46
1148,32,Female,West,64686.78,Platinum,1.57,Website,19.96,0.64,2.78,14,7.2,18.5,0.246,6745.22
1149,26,Female,North,50860.53,Basic,2.82,Both,24.46,3.51,1.03,24,7.1,2.1,0.538,6426.44
1150,40,Female,North,97548.75,Gold,2.59,Mobile App,36.94,3.76,1.0,13,6.05,16.8,0.327,7364.43
1151,40,Male,North,55684.91,Gold,1.56,Mobile App,29.93,7.46,3.18,11,7.81,59.0,0.265,6534.47
1152,29,Female,West,47005.74,Silver,0.43,Website,27.1,1.47,0.48,14,6.82,2.9,0.071,4929.5
1153,36,Male,North,46126.12,Basic,1.11,Mobile App,15.1,0.6,1.63,16,8.47,194.4,0.3,4455.81
1154,18,Male,East,35434.37,Silver,0.1,Website,17.72,2.05,2.85,15,8.27,46.4,0.018,4561.67
1155,48,Female,South,65827.68,Basic,1.86,Both,16.49,5.03,1.56,12,9.71,4.7,,5976.46
1156,30,Male,West,40659.84,Gold,3.66,Website,39.76,2.93,1.72,12,7.32,3.6,0.054,5620.18
1157,38,Male,South,79566.78,Silver,3.07,Mobile App,32.78,4.04,3.65,16,6.56,42.0,0.058,6761.09
1158,22,Male,South,34457.18,Platinum,6.71,Both,20.25,1.19,5.05,13,5.69,100.7,0.321,6457.56
1159,32,Male,West,56643.61,Silver,2.64,Mobile App,22.92,2.38,8.89,16,10.0,0.2,0.265,5903.78
1160,35,Female,North,81030.29,Silver,0.93,Both,20.57,3.01,4.75,14,8.46,23.0,0.443,7158.81
1161,38,Male,West,25507.14,Gold,0.84,Website,20.03,0.74,1.3,17,6.7,16.2,0.433,5137.15
1162,43,Female,North,109797.49,Silver,4.18,Website,32.14,2.99,0.87,19,9.8,8.6,0.152,7871.79
1163,54,Female,South,46683.69,Platinum,0.38,Both,25.41,2.22,1.31,17,9.36,6.3,0.258,7182.39
1164,46,Male,West,56918.94,Basic,0.34,Website,46.73,14.42,2.88,13,5.84,3.1,0.223,6178.83
1165,49,Male,East,66171.64,Platinum,10.21,Mobile App,39.25,2.84,1.43,11,6.62,10.5,0.521,8413.5
1166,54,Female,East,69852.78,Gold,2.16,Mobile App,39.79,7.73,1.06,17,7.43,46.5,0.324,7686.59
1167,44,Female,North,59626.74,Gold,2.04,Website,34.04,4.02,5.49,19,6.21,2.4,0.211,6879.44
1168,38,Female,South,76809.58,Silver,3.24,Website,24.2,2.59,1.39,13,7.47,62.2,0.233,5640.47
1169,49,Female,South,64969.6,Gold,7.43,Mobile App,33.38,6.99,2.72,12,8.53,26.0,0.037,7308.11
1170,50,Male,East,100338.87,Basic,5.78,Both,24.86,1.04,2.66,15,5.81,1.5,0.557,6856.4
1171,45,Male,South,65043.7,Gold,2.14,Website,42.67,2.01,0.25,14,7.98,33.2,0.629,6245.03
1172,22,Female,South,107755.76,Basic,4.24,Mobile App,31.64,5.23,5.26,13,9.12,9.7,0.611,7284.11
1173,29,Male,South,74263.7,Basic,2.16,Mobile App,30.36,0.3,0.63,11,8.12,11.9,0.108,5974.93
1174,35,Female,North,28795.88,Silver,7.22,Mobile App,29.14,2.77,0.43,11,7.5,23.2,0.378,5225.64
1175,47,Female,South,135115.59,Basic,3.58,Mobile App,43.66,2.75,1.26,12,6.73,21.2,0.416,7443.81
1176,38,Female,North,44310.62,Silver,2.96,Mobile App,15.1,3.43,0.88,12,8.68,86.7,0.427,5467.08
1177,51,Male,West,91440.19,Gold,3.1,Mobile App,44.54,2.4,4.68,19,6.07,35.1,0.19,8080.14
1178,52,Male,East,54686.8,Basic,0.43,Mobile App,26.32,5.09,2.37,11,7.92,16.6,0.297,5127.41
1179,51,Male,North,78541.43,Gold,7.43,Mobile App,15.34,1.53,1.16,10,7.63,12.9,0.268,7000.31
1180,51,Male,East,42575.42,Basic,9.7,Website,21.23,5.57,0.41,9,9.06,9.0,0.408,6014.79
1181,27,Female,West,67441.15,Gold,0.64,Mobile App,13.14,1.16,2.59,5,6.84,0.6,0.438,5635.27
1182,43,Male,North,49582.01,Gold,0.17,Both,33.88,3.62,1.51,9,6.95,43.6,0.17,5624.03
1183,31,Male,North,94150.62,Silver,1.74,Both,18.66,6.45,2.86,12,5.99,9.6,0.122,6457.22
1184,20,Male,North,63166.78,Gold,1.55,Website,29.52,1.42,2.38,17,8.17,28.3,0.369,6440.6
1185,35,Male,North,75175.44,Platinum,2.96,Both,38.21,1.72,0.91,18,7.05,16.5,0.033,7832.58
1186,53,Female,East,25401.74,Gold,0.68,Both,21.95,5.7,3.14,17,6.48,34.7,0.475,6431.39
1187,43,Male,West,52577.82,Silver,1.27,Mobile App,25.59,3.26,0.55,18,6.6,11.4,0.414,5995.53
1188,60,Female,North,62548.22,Silver,2.24,Both,16.27,0.6,1.45,19,8.3,50.0,0.522,6642.0
1189,40,Male,East,58586.83,Gold,0.33,Mobile App,24.5,3.35,1.63,13,6.17,15.0,0.255,6107.9
1190,65,Female,North,75841.81,Basic,0.65,Website,51.17,4.52,1.82,15,6.28,1.6,0.246,6518.89
1191,40,Male,East,47664.09,Gold,4.49,Website,35.0,5.86,0.52,11,8.77,8.9,0.237,6779.03
1192,38,Male,East,55109.39,Basic,0.37,Mobile App,25.62,3.56,4.51,12,7.38,17.7,0.275,5215.56
1193,24,Female,South,81914.34,Gold,9.84,Mobile App,22.49,4.11,0.91,10,8.84,51.0,0.18,7397.89
1194,50,Female,North,24402.94,Basic,3.5,Both,27.62,8.23,0.31,18,7.13,14.3,0.234,5388.8
1195,32,Female,East,66587.53,Basic,6.37,Mobile App,29.17,5.33,2.44,20,7.6,1.1,0.515,6422.56
1196,31,Male,West,48201.25,Platinum,0.61,Mobile App,24.23,2.34,6.88,13,7.8,16.1,0.598,7751.12
1197,52,Male,North,39367.22,Gold,1.3,Mobile App,32.77,2.57,0.25,13,9.4,19.5,0.112,5999.55
1198,51,Female,North,60948.86,Platinum,5.35,Website,19.42,6.28,3.68,9,9.3,16.3,0.102,7714.17
1199,50,Male,North,83250.38,Platinum,1.92,Both,19.37,3.51,1.92,9,9.1,132.6,0.682,7547.32
1200,34,Female,East,77940.45,Silver,12.92,Both,31.33,3.15,0.54,18,6.78,12.3,0.201,7231.45
